year,month,week,day,building,floor,hour,entrance,exit,accumulate
2020,10,43,23,mbk,002_3rd,8,41,26,15
2020,10,43,23,mbk,002_3rd,9,241,164,92
2020,10,43,23,mbk,002_3rd,10,1365,1197,260
2020,10,43,23,mbk,002_3rd,11,1876,1861,275
2020,10,43,23,mbk,002_3rd,12,2496,2551,220
2020,10,43,23,mbk,002_3rd,13,2804,2940,84
2020,10,43,23,mbk,002_3rd,14,2966,3210,-160
2020,10,43,23,mbk,002_3rd,15,3246,3375,-289
2020,10,43,23,mbk,002_3rd,16,3327,3374,-336
2020,10,43,23,mbk,002_3rd,17,2761,2902,-477
2020,10,43,23,mbk,002_3rd,18,2379,2545,-643
2020,10,43,23,mbk,002_3rd,19,1829,2131,-945
2020,10,43,23,mbk,002_3rd,20,1075,1219,-1089
2020,10,43,23,mbk,002_3rd,21,112,158,-1135
2020,10,43,23,mbk,002_3rd,22,0,0,-1135
2020,10,43,23,mbk,001_2nd,8,248,192,56
2020,10,43,23,mbk,001_2nd,9,564,411,209
2020,10,43,23,mbk,001_2nd,10,1813,1669,353
2020,10,43,23,mbk,001_2nd,11,2299,2042,610
2020,10,43,23,mbk,001_2nd,12,2708,2543,775
2020,10,43,23,mbk,001_2nd,13,2972,2926,821
2020,10,43,23,mbk,001_2nd,14,3183,3271,733
2020,10,43,23,mbk,001_2nd,15,3310,3390,653
2020,10,43,23,mbk,001_2nd,16,3362,3518,497
2020,10,43,23,mbk,001_2nd,17,3092,3111,478
2020,10,43,23,mbk,001_2nd,18,2713,2777,414
2020,10,43,23,mbk,001_2nd,19,2079,2404,89
2020,10,43,23,mbk,001_2nd,20,1121,1382,-172
2020,10,43,23,mbk,001_2nd,21,326,367,-213
2020,10,43,23,mbk,001_2nd,22,0,1,-214
2020,10,43,23,mbk,000_g,8,374,304,70
2020,10,43,23,mbk,000_g,9,658,482,246
2020,10,43,23,mbk,000_g,10,1350,1057,539
2020,10,43,23,mbk,000_g,11,1507,1298,748
2020,10,43,23,mbk,000_g,12,1621,1472,897
2020,10,43,23,mbk,000_g,13,1580,1569,908
2020,10,43,23,mbk,000_g,14,1877,1704,1081
2020,10,43,23,mbk,000_g,15,1721,1725,1077
2020,10,43,23,mbk,000_g,16,1743,1743,1077
2020,10,43,23,mbk,000_g,17,1571,1696,952
2020,10,43,23,mbk,000_g,18,1502,1704,750
2020,10,43,23,mbk,000_g,19,1271,1457,564
2020,10,43,23,mbk,000_g,20,878,1101,341
2020,10,43,23,mbk,000_g,21,482,547,276
2020,10,43,23,mbk,004_5th,8,33,21,12
2020,10,43,23,mbk,004_5th,9,147,92,67
2020,10,43,23,mbk,004_5th,10,675,520,222
2020,10,43,23,mbk,004_5th,11,1183,1139,266
2020,10,43,23,mbk,004_5th,12,1627,1618,275
2020,10,43,23,mbk,004_5th,13,1898,1788,385
2020,10,43,23,mbk,004_5th,14,1990,1912,463
2020,10,43,23,mbk,004_5th,15,1947,1919,491
2020,10,43,23,mbk,004_5th,16,1813,1815,489
2020,10,43,23,mbk,004_5th,17,1603,1640,452
2020,10,43,23,mbk,004_5th,18,1354,1414,392
2020,10,43,23,mbk,004_5th,19,986,1091,287
2020,10,43,23,mbk,004_5th,20,467,647,107
2020,10,43,23,mbk,004_5th,21,179,223,63
2020,10,43,23,mbk,004_5th,22,0,0,63
2020,10,43,23,mbk,003_4th,8,38,19,19
2020,10,43,23,mbk,003_4th,9,227,90,156
2020,10,43,23,mbk,003_4th,10,1369,709,816
2020,10,43,23,mbk,003_4th,11,1780,1328,1268
2020,10,43,23,mbk,003_4th,12,2187,1866,1589
2020,10,43,23,mbk,003_4th,13,2331,2147,1773
2020,10,43,23,mbk,003_4th,14,2454,2227,2000
2020,10,43,23,mbk,003_4th,15,2576,2485,2091
2020,10,43,23,mbk,003_4th,16,2453,2429,2115
2020,10,43,23,mbk,003_4th,17,2087,2190,2012
2020,10,43,23,mbk,003_4th,18,1934,2011,1935
2020,10,43,23,mbk,003_4th,19,1307,1737,1505
2020,10,43,23,mbk,003_4th,20,678,1355,828
2020,10,43,23,mbk,003_4th,21,99,209,718
2020,10,43,23,mbk,006_7th,10,317,134,264
2020,10,43,23,mbk,006_7th,11,595,300,559
2020,10,43,23,mbk,006_7th,12,671,463,767
2020,10,43,23,mbk,006_7th,13,785,691,861
2020,10,43,23,mbk,006_7th,14,823,766,918
2020,10,43,23,mbk,006_7th,15,745,755,908
2020,10,43,23,mbk,006_7th,16,659,740,827
2020,10,43,23,mbk,006_7th,17,561,705,683
2020,10,43,23,mbk,006_7th,18,483,537,629
2020,10,43,23,mbk,006_7th,19,297,494,432
2020,10,43,23,mbk,006_7th,20,102,290,244
2020,10,43,23,mbk,006_7th,21,59,167,136
2020,10,43,23,mbk,006_7th,8,69,15,54
2020,10,43,23,mbk,006_7th,9,61,34,81
2020,10,43,23,mbk,005_6th,8,156,102,54
2020,10,43,23,mbk,005_6th,9,219,139,134
2020,10,43,23,mbk,005_6th,10,598,448,284
2020,10,43,23,mbk,005_6th,11,1006,916,374
2020,10,43,23,mbk,005_6th,12,1299,1207,466
2020,10,43,23,mbk,005_6th,13,1503,1596,373
2020,10,43,23,mbk,005_6th,14,1611,1727,257
2020,10,43,23,mbk,005_6th,15,1510,1605,162
2020,10,43,23,mbk,005_6th,16,1393,1500,55
2020,10,43,23,mbk,005_6th,17,1262,1344,-27
2020,10,43,23,mbk,005_6th,18,1138,1317,-206
2020,10,43,23,mbk,005_6th,19,801,1024,-429
2020,10,43,23,mbk,005_6th,20,335,562,-656
2020,10,43,23,mbk,005_6th,21,230,277,-703
2020,10,43,23,mbk,008_m,8,6,8,-2
2020,10,43,23,mbk,008_m,9,11,10,-1
2020,10,43,23,mbk,008_m,10,12,12,-1
2020,10,43,23,mbk,008_m,11,10,11,-2
2020,10,43,23,mbk,008_m,12,16,9,5
2020,10,43,23,mbk,008_m,13,11,13,3
2020,10,43,23,mbk,008_m,14,11,14,0
2020,10,43,23,mbk,008_m,15,12,14,-2
2020,10,43,23,mbk,008_m,16,13,16,-5
2020,10,43,23,mbk,008_m,17,14,13,-4
2020,10,43,23,mbk,008_m,18,9,18,-13
2020,10,43,23,mbk,008_m,19,12,8,-9
2020,10,43,23,mbk,008_m,20,16,14,-7
2020,10,43,23,mbk,008_m,21,15,12,-4
2020,10,43,23,mbk,007_8th,8,21,18,3
2020,10,43,23,mbk,007_8th,9,16,16,3
2020,10,43,23,mbk,007_8th,10,14,20,-3
2020,10,43,23,mbk,007_8th,11,31,37,-9
2020,10,43,23,mbk,007_8th,12,39,32,-2
2020,10,43,23,mbk,007_8th,13,28,26,0
2020,10,43,23,mbk,007_8th,14,10,22,-12
2020,10,43,23,mbk,007_8th,15,12,13,-13
2020,10,43,23,mbk,007_8th,16,17,21,-17
2020,10,43,23,mbk,007_8th,17,13,13,-17
2020,10,43,23,mbk,007_8th,18,13,13,-17
2020,10,43,23,mbk,007_8th,19,19,16,-14
2020,10,43,23,mbk,007_8th,20,16,11,-9
2020,10,43,23,mbk,007_8th,21,20,25,-14
2020,10,43,23,alaart,001_alaart2nd,8,2,2,0
2020,10,43,23,alaart,001_alaart2nd,9,33,30,3
2020,10,43,23,alaart,001_alaart2nd,10,123,141,-15
2020,10,43,23,alaart,001_alaart2nd,11,129,161,-47
2020,10,43,23,alaart,001_alaart2nd,12,175,247,-119
2020,10,43,23,alaart,001_alaart2nd,13,247,328,-200
2020,10,43,23,alaart,001_alaart2nd,14,208,267,-259
2020,10,43,23,alaart,001_alaart2nd,15,238,304,-325
2020,10,43,23,alaart,001_alaart2nd,16,326,405,-404
2020,10,43,23,alaart,001_alaart2nd,17,306,355,-453
2020,10,43,23,alaart,001_alaart2nd,18,218,263,-498
2020,10,43,23,alaart,001_alaart2nd,19,119,157,-536
2020,10,43,23,alaart,001_alaart2nd,20,89,133,-580
2020,10,43,23,alaart,001_alaart2nd,21,8,8,-580
2020,10,43,23,alaart,002_alaart3rd,8,3,2,1
2020,10,43,23,alaart,002_alaart3rd,9,38,34,5
2020,10,43,23,alaart,002_alaart3rd,10,143,119,29
2020,10,43,23,alaart,002_alaart3rd,11,180,140,69
2020,10,43,23,alaart,002_alaart3rd,12,257,195,131
2020,10,43,23,alaart,002_alaart3rd,13,347,258,220
2020,10,43,23,alaart,002_alaart3rd,14,288,211,297
2020,10,43,23,alaart,002_alaart3rd,15,339,272,364
2020,10,43,23,alaart,002_alaart3rd,16,423,335,452
2020,10,43,23,alaart,002_alaart3rd,17,183,113,522
2020,10,43,23,alaart,002_alaart3rd,18,133,97,558
2020,10,43,23,alaart,002_alaart3rd,19,95,63,590
2020,10,43,23,alaart,002_alaart3rd,20,126,106,610
2020,10,43,23,alaart,002_alaart3rd,21,11,10,611
2020,10,43,23,tower,000_tower,8,17,2,15
2020,10,43,23,tower,000_tower,9,30,8,37
2020,10,43,23,tower,000_tower,10,12,11,38
2020,10,43,23,tower,000_tower,11,6,3,41
2020,10,43,23,tower,000_tower,12,21,20,42
2020,10,43,23,tower,000_tower,13,13,17,38
2020,10,43,23,tower,000_tower,14,10,4,44
2020,10,43,23,tower,000_tower,15,4,2,46
2020,10,43,23,tower,000_tower,16,14,24,36
2020,10,43,23,tower,000_tower,17,9,11,34
2020,10,43,23,tower,000_tower,18,12,13,33
2020,10,43,23,tower,000_tower,19,6,11,28
2020,10,43,23,tower,000_tower,20,9,6,31
2020,10,43,23,tower,000_tower,21,2,2,31
2020,10,43,23,tokyu,000_tokyu,8,2,3,-1
2020,10,43,23,tokyu,000_tokyu,9,21,10,10
2020,10,43,23,tokyu,000_tokyu,10,372,329,53
2020,10,43,23,tokyu,000_tokyu,11,829,782,100
2020,10,43,23,tokyu,000_tokyu,12,1027,1077,50
2020,10,43,23,tokyu,000_tokyu,13,1103,1070,83
2020,10,43,23,tokyu,000_tokyu,14,1187,1197,73
2020,10,43,23,tokyu,000_tokyu,15,1201,1247,27
2020,10,43,23,tokyu,000_tokyu,16,1169,1192,4
2020,10,43,23,tokyu,000_tokyu,17,1091,1108,-13
2020,10,43,23,tokyu,000_tokyu,18,941,976,-48
2020,10,43,23,tokyu,000_tokyu,19,704,762,-106
2020,10,43,23,tokyu,000_tokyu,20,28,66,-144
2020,10,43,23,tokyu,000_tokyu,21,8,16,-152
2020,10,43,24,mbk,001_2nd,8,201,139,62
2020,10,43,24,mbk,001_2nd,9,582,333,311
2020,10,43,24,mbk,001_2nd,10,2005,1894,422
2020,10,43,24,mbk,001_2nd,11,2901,2176,1147
2020,10,43,24,mbk,001_2nd,12,2531,2422,1256
2020,10,43,24,mbk,001_2nd,13,3088,3262,1082
2020,10,43,24,mbk,001_2nd,14,3240,3213,1109
2020,10,43,24,mbk,001_2nd,15,3260,3234,1135
2020,10,43,24,mbk,001_2nd,16,3329,3535,929
2020,10,43,24,mbk,001_2nd,17,3234,3255,908
2020,10,43,24,mbk,001_2nd,18,2480,2624,764
2020,10,43,24,mbk,001_2nd,19,1997,2466,295
2020,10,43,24,mbk,001_2nd,20,976,1353,-82
2020,10,43,24,mbk,001_2nd,21,245,349,-186
2020,10,43,24,mbk,002_3rd,8,24,24,0
2020,10,43,24,mbk,002_3rd,9,137,146,-9
2020,10,43,24,mbk,002_3rd,10,1625,1358,258
2020,10,43,24,mbk,002_3rd,11,1914,2393,-221
2020,10,43,24,mbk,002_3rd,12,2180,2229,-270
2020,10,43,24,mbk,002_3rd,13,3285,2931,84
2020,10,43,24,mbk,002_3rd,14,2789,3180,-307
2020,10,43,24,mbk,002_3rd,15,3084,3156,-379
2020,10,43,24,mbk,002_3rd,16,3258,3221,-342
2020,10,43,24,mbk,002_3rd,17,2906,2961,-397
2020,10,43,24,mbk,002_3rd,18,2211,2221,-407
2020,10,43,24,mbk,002_3rd,19,1794,2120,-733
2020,10,43,24,mbk,002_3rd,20,966,1054,-821
2020,10,43,24,mbk,002_3rd,21,147,112,-786
2020,10,43,24,mbk,003_4th,8,45,17,28
2020,10,43,24,mbk,003_4th,9,207,78,157
2020,10,43,24,mbk,003_4th,10,1418,830,745
2020,10,43,24,mbk,003_4th,11,1839,1443,1141
2020,10,43,24,mbk,003_4th,12,2079,1783,1437
2020,10,43,24,mbk,003_4th,13,2307,2172,1572
2020,10,43,24,mbk,003_4th,14,2394,2140,1826
2020,10,43,24,mbk,003_4th,15,2525,2458,1893
2020,10,43,24,mbk,003_4th,16,2507,2439,1961
2020,10,43,24,mbk,003_4th,17,2094,2177,1878
2020,10,43,24,mbk,003_4th,18,1673,1818,1733
2020,10,43,24,mbk,003_4th,19,1251,1482,1502
2020,10,43,24,mbk,003_4th,20,596,1223,875
2020,10,43,24,mbk,003_4th,21,79,216,738
2020,10,43,24,mbk,003_4th,22,0,0,738
2020,10,43,24,mbk,005_6th,8,142,96,46
2020,10,43,24,mbk,005_6th,9,226,164,108
2020,10,43,24,mbk,005_6th,10,782,590,300
2020,10,43,24,mbk,005_6th,11,1072,1041,331
2020,10,43,24,mbk,005_6th,12,1436,1318,449
2020,10,43,24,mbk,005_6th,13,1494,1570,373
2020,10,43,24,mbk,005_6th,14,1527,1625,275
2020,10,43,24,mbk,005_6th,15,1545,1626,194
2020,10,43,24,mbk,005_6th,16,1419,1509,104
2020,10,43,24,mbk,005_6th,17,1275,1362,17
2020,10,43,24,mbk,005_6th,18,1068,1207,-122
2020,10,43,24,mbk,005_6th,19,866,1106,-362
2020,10,43,24,mbk,005_6th,20,311,481,-532
2020,10,43,24,mbk,005_6th,21,243,313,-602
2020,10,43,24,mbk,000_g,8,302,254,48
2020,10,43,24,mbk,000_g,9,704,491,261
2020,10,43,24,mbk,000_g,10,1397,1069,589
2020,10,43,24,mbk,000_g,11,1582,1296,875
2020,10,43,24,mbk,000_g,12,1564,1505,934
2020,10,43,24,mbk,000_g,13,1570,1513,991
2020,10,43,24,mbk,000_g,14,1754,1714,1031
2020,10,43,24,mbk,000_g,15,1766,1678,1119
2020,10,43,24,mbk,000_g,16,1785,1650,1254
2020,10,43,24,mbk,000_g,17,1576,1657,1173
2020,10,43,24,mbk,000_g,18,1351,1539,985
2020,10,43,24,mbk,000_g,19,1243,1457,771
2020,10,43,24,mbk,000_g,20,903,1086,588
2020,10,43,24,mbk,000_g,21,415,464,539
2020,10,43,24,mbk,000_g,22,0,0,539
2020,10,43,24,mbk,004_5th,9,110,54,78
2020,10,43,24,mbk,004_5th,10,901,720,259
2020,10,43,24,mbk,004_5th,11,1369,1214,414
2020,10,43,24,mbk,004_5th,12,1742,1734,422
2020,10,43,24,mbk,004_5th,13,1914,1871,465
2020,10,43,24,mbk,004_5th,14,1980,1873,572
2020,10,43,24,mbk,004_5th,15,1976,1964,584
2020,10,43,24,mbk,004_5th,16,1854,1876,562
2020,10,43,24,mbk,004_5th,17,1658,1679,541
2020,10,43,24,mbk,004_5th,18,1353,1437,457
2020,10,43,24,mbk,004_5th,19,1022,1105,374
2020,10,43,24,mbk,004_5th,20,427,569,232
2020,10,43,24,mbk,004_5th,21,146,153,225
2020,10,43,24,mbk,004_5th,8,34,12,22
2020,10,43,24,mbk,006_7th,8,72,25,47
2020,10,43,24,mbk,006_7th,9,120,61,106
2020,10,43,24,mbk,006_7th,10,597,195,508
2020,10,43,24,mbk,006_7th,11,594,366,736
2020,10,43,24,mbk,006_7th,12,658,542,852
2020,10,43,24,mbk,006_7th,13,760,669,943
2020,10,43,24,mbk,006_7th,14,823,765,1001
2020,10,43,24,mbk,006_7th,15,722,858,865
2020,10,43,24,mbk,006_7th,16,714,746,833
2020,10,43,24,mbk,006_7th,17,547,685,695
2020,10,43,24,mbk,006_7th,18,491,506,680
2020,10,43,24,mbk,006_7th,19,356,507,529
2020,10,43,24,mbk,006_7th,20,114,320,323
2020,10,43,24,mbk,006_7th,21,55,174,204
2020,10,43,24,mbk,007_8th,10,35,39,-11
2020,10,43,24,mbk,007_8th,11,42,44,-13
2020,10,43,24,mbk,007_8th,14,23,29,-32
2020,10,43,24,mbk,007_8th,15,37,45,-40
2020,10,43,24,mbk,007_8th,16,19,29,-50
2020,10,43,24,mbk,007_8th,17,24,42,-68
2020,10,43,24,mbk,007_8th,18,18,31,-81
2020,10,43,24,mbk,007_8th,19,16,24,-89
2020,10,43,24,mbk,007_8th,20,6,7,-90
2020,10,43,24,mbk,007_8th,21,19,25,-96
2020,10,43,24,mbk,007_8th,8,24,23,1
2020,10,43,24,mbk,007_8th,9,30,38,-7
2020,10,43,24,mbk,007_8th,12,25,40,-28
2020,10,43,24,mbk,007_8th,13,28,26,-26
2020,10,43,24,mbk,007_8th,22,0,0,-96
2020,10,43,24,mbk,008_m,9,10,10,-1
2020,10,43,24,mbk,008_m,10,8,14,-7
2020,10,43,24,mbk,008_m,11,13,10,-4
2020,10,43,24,mbk,008_m,12,14,12,-2
2020,10,43,24,mbk,008_m,13,13,15,-4
2020,10,43,24,mbk,008_m,15,13,14,-4
2020,10,43,24,mbk,008_m,16,4,7,-7
2020,10,43,24,mbk,008_m,17,3,9,-13
2020,10,43,24,mbk,008_m,18,5,6,-14
2020,10,43,24,mbk,008_m,19,7,3,-10
2020,10,43,24,mbk,008_m,8,3,4,-1
2020,10,43,24,mbk,008_m,14,7,6,-3
2020,10,43,24,mbk,008_m,20,9,7,-8
2020,10,43,24,mbk,008_m,21,5,4,-7
2020,10,43,24,tower,000_tower,8,5,3,2
2020,10,43,24,tower,000_tower,9,23,6,19
2020,10,43,24,tower,000_tower,10,19,13,25
2020,10,43,24,tower,000_tower,11,10,16,19
2020,10,43,24,tower,000_tower,12,15,16,18
2020,10,43,24,tower,000_tower,13,12,8,22
2020,10,43,24,tower,000_tower,14,15,17,20
2020,10,43,24,tower,000_tower,15,8,10,18
2020,10,43,24,tower,000_tower,16,11,13,16
2020,10,43,24,tower,000_tower,17,6,9,13
2020,10,43,24,tower,000_tower,18,13,18,8
2020,10,43,24,tower,000_tower,19,6,8,6
2020,10,43,24,tower,000_tower,20,9,7,8
2020,10,43,24,tower,000_tower,21,3,0,11
2020,10,43,24,tower,000_tower,22,0,0,11
2020,10,43,24,alaart,001_alaart2nd,8,2,1,1
2020,10,43,24,alaart,001_alaart2nd,9,35,30,6
2020,10,43,24,alaart,001_alaart2nd,10,171,188,-11
2020,10,43,24,alaart,001_alaart2nd,11,142,168,-37
2020,10,43,24,alaart,001_alaart2nd,12,225,270,-82
2020,10,43,24,alaart,001_alaart2nd,13,222,276,-136
2020,10,43,24,alaart,001_alaart2nd,14,249,316,-203
2020,10,43,24,alaart,001_alaart2nd,15,288,349,-264
2020,10,43,24,alaart,001_alaart2nd,16,315,373,-322
2020,10,43,24,alaart,001_alaart2nd,17,270,363,-415
2020,10,43,24,alaart,001_alaart2nd,18,228,259,-446
2020,10,43,24,alaart,001_alaart2nd,19,209,258,-495
2020,10,43,24,alaart,001_alaart2nd,20,68,99,-526
2020,10,43,24,alaart,001_alaart2nd,21,9,10,-527
2020,10,43,24,alaart,002_alaart3rd,8,6,8,-2
2020,10,43,24,alaart,002_alaart3rd,9,42,38,2
2020,10,43,24,alaart,002_alaart3rd,10,202,178,26
2020,10,43,24,alaart,002_alaart3rd,11,176,148,54
2020,10,43,24,alaart,002_alaart3rd,12,294,226,122
2020,10,43,24,alaart,002_alaart3rd,13,295,244,173
2020,10,43,24,alaart,002_alaart3rd,14,320,250,243
2020,10,43,24,alaart,002_alaart3rd,15,367,296,314
2020,10,43,24,alaart,002_alaart3rd,16,345,265,394
2020,10,43,24,alaart,002_alaart3rd,17,288,197,485
2020,10,43,24,alaart,002_alaart3rd,18,223,171,537
2020,10,43,24,alaart,002_alaart3rd,19,251,203,585
2020,10,43,24,alaart,002_alaart3rd,20,101,89,597
2020,10,43,24,alaart,002_alaart3rd,21,6,17,586
2020,10,43,24,tokyu,000_tokyu,8,0,1,-1
2020,10,43,24,tokyu,000_tokyu,9,8,11,-4
2020,10,43,24,tokyu,000_tokyu,10,407,336,67
2020,10,43,24,tokyu,000_tokyu,11,855,857,65
2020,10,43,24,tokyu,000_tokyu,12,1025,1009,81
2020,10,43,24,tokyu,000_tokyu,13,1143,1156,68
2020,10,43,24,tokyu,000_tokyu,14,1048,1024,92
2020,10,43,24,tokyu,000_tokyu,15,1245,1216,121
2020,10,43,24,tokyu,000_tokyu,16,1197,1224,94
2020,10,43,24,tokyu,000_tokyu,17,1122,1069,147
2020,10,43,24,tokyu,000_tokyu,18,949,951,145
2020,10,43,24,tokyu,000_tokyu,19,755,757,143
2020,10,43,24,tokyu,000_tokyu,20,25,47,121
2020,10,43,24,tokyu,000_tokyu,21,6,8,119
2020,10,43,25,mbk,003_4th,8,24,13,11
2020,10,43,25,mbk,003_4th,9,192,77,126
2020,10,43,25,mbk,003_4th,10,1401,774,753
2020,10,43,25,mbk,003_4th,11,1668,1285,1136
2020,10,43,25,mbk,003_4th,12,2053,1713,1476
2020,10,43,25,mbk,003_4th,13,2248,2090,1634
2020,10,43,25,mbk,003_4th,14,2318,2063,1889
2020,10,43,25,mbk,003_4th,15,2371,2261,1999
2020,10,43,25,mbk,003_4th,16,2068,2090,1977
2020,10,43,25,mbk,003_4th,17,1680,1821,1836
2020,10,43,25,mbk,003_4th,18,1434,1575,1695
2020,10,43,25,mbk,003_4th,19,964,1280,1379
2020,10,43,25,mbk,003_4th,20,400,902,877
2020,10,43,25,mbk,003_4th,21,233,279,831
2020,10,43,25,mbk,004_5th,8,24,7,17
2020,10,43,25,mbk,004_5th,14,1838,1784,524
2020,10,43,25,mbk,004_5th,15,1754,1818,460
2020,10,43,25,mbk,004_5th,16,1505,1514,451
2020,10,43,25,mbk,004_5th,21,183,330,36
2020,10,43,25,mbk,004_5th,9,106,56,67
2020,10,43,25,mbk,004_5th,10,801,623,245
2020,10,43,25,mbk,004_5th,11,1197,1120,322
2020,10,43,25,mbk,004_5th,12,1710,1589,443
2020,10,43,25,mbk,004_5th,13,1792,1765,470
2020,10,43,25,mbk,004_5th,17,1355,1361,445
2020,10,43,25,mbk,004_5th,18,1087,1149,383
2020,10,43,25,mbk,004_5th,19,765,840,308
2020,10,43,25,mbk,004_5th,20,258,383,183
2020,10,43,25,mbk,007_8th,8,23,13,10
2020,10,43,25,mbk,007_8th,9,24,24,10
2020,10,43,25,mbk,007_8th,10,19,17,12
2020,10,43,25,mbk,007_8th,11,27,21,18
2020,10,43,25,mbk,007_8th,12,32,44,6
2020,10,43,25,mbk,007_8th,13,29,46,-11
2020,10,43,25,mbk,007_8th,14,30,36,-17
2020,10,43,25,mbk,007_8th,15,21,18,-14
2020,10,43,25,mbk,007_8th,16,15,30,-29
2020,10,43,25,mbk,007_8th,17,33,30,-26
2020,10,43,25,mbk,007_8th,18,31,38,-33
2020,10,43,25,mbk,007_8th,19,15,13,-31
2020,10,43,25,mbk,007_8th,20,19,8,-20
2020,10,43,25,mbk,007_8th,21,20,24,-24
2020,10,43,25,mbk,002_3rd,8,17,15,2
2020,10,43,25,mbk,002_3rd,9,144,130,16
2020,10,43,25,mbk,002_3rd,10,1477,1214,279
2020,10,43,25,mbk,002_3rd,11,2132,3427,-1016
2020,10,43,25,mbk,002_3rd,12,2419,2556,-1153
2020,10,43,25,mbk,002_3rd,13,2832,2839,-1160
2020,10,43,25,mbk,002_3rd,14,2720,2816,-1256
2020,10,43,25,mbk,002_3rd,15,2820,2858,-1294
2020,10,43,25,mbk,002_3rd,16,2391,2623,-1526
2020,10,43,25,mbk,002_3rd,17,2189,2158,-1495
2020,10,43,25,mbk,002_3rd,18,1630,1875,-1740
2020,10,43,25,mbk,002_3rd,19,1350,1510,-1900
2020,10,43,25,mbk,002_3rd,20,708,771,-1963
2020,10,43,25,mbk,002_3rd,21,147,126,-1942
2020,10,43,25,mbk,000_g,8,371,293,78
2020,10,43,25,mbk,000_g,9,675,498,255
2020,10,43,25,mbk,000_g,10,1427,1057,625
2020,10,43,25,mbk,000_g,11,1451,1198,878
2020,10,43,25,mbk,000_g,12,1633,1495,1016
2020,10,43,25,mbk,000_g,13,1567,1575,1008
2020,10,43,25,mbk,000_g,14,1728,1549,1187
2020,10,43,25,mbk,000_g,15,1637,1656,1168
2020,10,43,25,mbk,000_g,16,1554,1495,1227
2020,10,43,25,mbk,000_g,17,1419,1539,1107
2020,10,43,25,mbk,000_g,18,1229,1381,955
2020,10,43,25,mbk,000_g,19,1050,1189,816
2020,10,43,25,mbk,000_g,20,767,902,681
2020,10,43,25,mbk,000_g,21,435,511,605
2020,10,43,25,mbk,000_g,22,0,0,605
2020,10,43,25,mbk,005_6th,9,201,153,84
2020,10,43,25,mbk,005_6th,10,709,526,267
2020,10,43,25,mbk,005_6th,11,974,832,409
2020,10,43,25,mbk,005_6th,12,1419,1402,426
2020,10,43,25,mbk,005_6th,13,1413,1489,350
2020,10,43,25,mbk,005_6th,14,1501,1543,308
2020,10,43,25,mbk,005_6th,15,1274,1386,196
2020,10,43,25,mbk,005_6th,16,1131,1242,85
2020,10,43,25,mbk,005_6th,17,1052,1153,-16
2020,10,43,25,mbk,005_6th,18,896,991,-111
2020,10,43,25,mbk,005_6th,19,616,888,-383
2020,10,43,25,mbk,005_6th,20,232,324,-475
2020,10,43,25,mbk,005_6th,21,166,221,-530
2020,10,43,25,mbk,005_6th,8,184,148,36
2020,10,43,25,mbk,001_2nd,8,197,155,42
2020,10,43,25,mbk,001_2nd,9,514,302,254
2020,10,43,25,mbk,001_2nd,10,1829,1777,306
2020,10,43,25,mbk,001_2nd,11,3954,2392,1868
2020,10,43,25,mbk,001_2nd,12,2885,2691,2062
2020,10,43,25,mbk,001_2nd,13,2742,2746,2058
2020,10,43,25,mbk,001_2nd,14,2735,3003,1790
2020,10,43,25,mbk,001_2nd,15,2729,2935,1584
2020,10,43,25,mbk,001_2nd,16,2605,2617,1572
2020,10,43,25,mbk,001_2nd,17,2420,2622,1370
2020,10,43,25,mbk,001_2nd,18,2059,1997,1432
2020,10,43,25,mbk,001_2nd,19,1310,1743,999
2020,10,43,25,mbk,001_2nd,20,769,996,772
2020,10,43,25,mbk,001_2nd,21,270,425,617
2020,10,43,25,mbk,006_7th,8,87,16,71
2020,10,43,25,mbk,006_7th,9,72,35,108
2020,10,43,25,mbk,006_7th,10,468,158,418
2020,10,43,25,mbk,006_7th,11,471,332,557
2020,10,43,25,mbk,006_7th,12,732,543,746
2020,10,43,25,mbk,006_7th,13,719,611,854
2020,10,43,25,mbk,006_7th,14,707,727,834
2020,10,43,25,mbk,006_7th,15,569,627,776
2020,10,43,25,mbk,006_7th,16,517,582,711
2020,10,43,25,mbk,006_7th,17,472,567,616
2020,10,43,25,mbk,006_7th,18,415,457,574
2020,10,43,25,mbk,006_7th,19,256,388,442
2020,10,43,25,mbk,006_7th,20,75,227,290
2020,10,43,25,mbk,006_7th,21,40,167,163
2020,10,43,25,mbk,008_m,8,7,9,-2
2020,10,43,25,mbk,008_m,9,11,8,1
2020,10,43,25,mbk,008_m,10,8,16,-7
2020,10,43,25,mbk,008_m,11,11,8,-4
2020,10,43,25,mbk,008_m,12,21,14,3
2020,10,43,25,mbk,008_m,13,14,16,1
2020,10,43,25,mbk,008_m,14,13,9,5
2020,10,43,25,mbk,008_m,15,10,10,5
2020,10,43,25,mbk,008_m,16,9,7,7
2020,10,43,25,mbk,008_m,17,2,9,0
2020,10,43,25,mbk,008_m,18,4,11,-7
2020,10,43,25,mbk,008_m,19,5,6,-8
2020,10,43,25,mbk,008_m,20,5,9,-12
2020,10,43,25,mbk,008_m,21,10,6,-8
2020,10,43,25,tokyu,000_tokyu,8,1,0,1
2020,10,43,25,tokyu,000_tokyu,9,6,6,1
2020,10,43,25,tokyu,000_tokyu,10,359,327,33
2020,10,43,25,tokyu,000_tokyu,11,845,837,41
2020,10,43,25,tokyu,000_tokyu,12,983,1032,-8
2020,10,43,25,tokyu,000_tokyu,13,1084,1084,-8
2020,10,43,25,tokyu,000_tokyu,14,1196,1139,49
2020,10,43,25,tokyu,000_tokyu,15,1067,1081,35
2020,10,43,25,tokyu,000_tokyu,16,975,961,49
2020,10,43,25,tokyu,000_tokyu,17,937,923,63
2020,10,43,25,tokyu,000_tokyu,18,687,708,42
2020,10,43,25,tokyu,000_tokyu,19,552,580,14
2020,10,43,25,tokyu,000_tokyu,20,19,25,8
2020,10,43,25,tokyu,000_tokyu,21,12,9,11
2020,10,43,25,tower,000_tower,8,12,7,5
2020,10,43,25,tower,000_tower,14,12,18,17
2020,10,43,25,tower,000_tower,15,47,44,20
2020,10,43,25,tower,000_tower,16,35,31,24
2020,10,43,25,tower,000_tower,21,21,23,18
2020,10,43,25,tower,000_tower,9,18,5,18
2020,10,43,25,tower,000_tower,10,18,18,18
2020,10,43,25,tower,000_tower,11,14,11,21
2020,10,43,25,tower,000_tower,12,12,14,19
2020,10,43,25,tower,000_tower,13,19,15,23
2020,10,43,25,tower,000_tower,17,10,18,16
2020,10,43,25,tower,000_tower,18,21,23,14
2020,10,43,25,tower,000_tower,19,6,2,18
2020,10,43,25,tower,000_tower,20,6,4,20
2020,10,43,25,tower,000_tower,22,0,0,18
2020,10,43,25,alaart,001_alaart2nd,8,1,2,-1
2020,10,43,25,alaart,001_alaart2nd,9,52,55,-4
2020,10,43,25,alaart,001_alaart2nd,10,131,142,-15
2020,10,43,25,alaart,001_alaart2nd,11,120,172,-67
2020,10,43,25,alaart,001_alaart2nd,12,217,263,-113
2020,10,43,25,alaart,001_alaart2nd,13,174,233,-172
2020,10,43,25,alaart,001_alaart2nd,14,183,268,-257
2020,10,43,25,alaart,001_alaart2nd,15,262,328,-323
2020,10,43,25,alaart,001_alaart2nd,16,185,236,-374
2020,10,43,25,alaart,001_alaart2nd,17,173,212,-413
2020,10,43,25,alaart,001_alaart2nd,18,171,212,-454
2020,10,43,25,alaart,001_alaart2nd,19,99,132,-487
2020,10,43,25,alaart,001_alaart2nd,20,75,97,-509
2020,10,43,25,alaart,001_alaart2nd,21,5,7,-511
2020,10,43,25,alaart,002_alaart3rd,8,3,3,0
2020,10,43,25,alaart,002_alaart3rd,9,59,49,10
2020,10,43,25,alaart,002_alaart3rd,10,161,131,40
2020,10,43,25,alaart,002_alaart3rd,11,183,143,80
2020,10,43,25,alaart,002_alaart3rd,12,290,233,137
2020,10,43,25,alaart,002_alaart3rd,13,245,186,196
2020,10,43,25,alaart,002_alaart3rd,14,277,192,281
2020,10,43,25,alaart,002_alaart3rd,15,336,262,355
2020,10,43,25,alaart,002_alaart3rd,16,257,192,420
2020,10,43,25,alaart,002_alaart3rd,17,223,177,466
2020,10,43,25,alaart,002_alaart3rd,18,218,179,505
2020,10,43,25,alaart,002_alaart3rd,19,139,110,534
2020,10,43,25,alaart,002_alaart3rd,20,96,79,551
2020,10,43,25,alaart,002_alaart3rd,21,8,16,543
2020,10,44,26,mbk,004_5th,8,84,31,53
2020,10,44,26,mbk,004_5th,9,150,86,117
2020,10,44,26,mbk,004_5th,10,717,533,301
2020,10,44,26,mbk,004_5th,11,1082,1066,317
2020,10,44,26,mbk,004_5th,12,2081,2293,105
2020,10,44,26,mbk,004_5th,13,1782,1737,150
2020,10,44,26,mbk,004_5th,14,1364,1310,204
2020,10,44,26,mbk,004_5th,15,1222,1210,216
2020,10,44,26,mbk,004_5th,16,1105,1178,143
2020,10,44,26,mbk,004_5th,17,1102,1170,75
2020,10,44,26,mbk,004_5th,18,1159,1260,-26
2020,10,44,26,mbk,004_5th,19,815,962,-173
2020,10,44,26,mbk,004_5th,20,288,415,-300
2020,10,44,26,mbk,004_5th,21,279,367,-388
2020,10,44,26,mbk,000_g,8,672,549,123
2020,10,44,26,mbk,000_g,9,952,708,367
2020,10,44,26,mbk,000_g,10,1384,1024,727
2020,10,44,26,mbk,000_g,11,1464,1281,910
2020,10,44,26,mbk,000_g,12,2126,1807,1229
2020,10,44,26,mbk,000_g,13,1731,1792,1168
2020,10,44,26,mbk,000_g,14,1622,1476,1314
2020,10,44,26,mbk,000_g,15,1566,1513,1367
2020,10,44,26,mbk,000_g,16,1495,1428,1434
2020,10,44,26,mbk,000_g,17,1549,1664,1319
2020,10,44,26,mbk,000_g,18,1523,1653,1189
2020,10,44,26,mbk,000_g,19,1110,1245,1054
2020,10,44,26,mbk,000_g,20,848,1024,878
2020,10,44,26,mbk,000_g,21,477,549,806
2020,10,44,26,mbk,000_g,22,0,0,806
2020,10,44,26,mbk,001_2nd,8,836,533,303
2020,10,44,26,mbk,001_2nd,9,1086,628,761
2020,10,44,26,mbk,001_2nd,10,1781,1443,1099
2020,10,44,26,mbk,001_2nd,11,2386,1865,1620
2020,10,44,26,mbk,001_2nd,12,2799,2743,1676
2020,10,44,26,mbk,001_2nd,13,2710,2515,1871
2020,10,44,26,mbk,001_2nd,14,2127,2307,1691
2020,10,44,26,mbk,001_2nd,15,2576,2483,1784
2020,10,44,26,mbk,001_2nd,16,2127,2331,1580
2020,10,44,26,mbk,001_2nd,17,2314,2452,1442
2020,10,44,26,mbk,001_2nd,18,2284,2472,1254
2020,10,44,26,mbk,001_2nd,19,1396,1864,786
2020,10,44,26,mbk,001_2nd,20,1161,1161,786
2020,10,44,26,mbk,001_2nd,21,223,347,662
2020,10,44,26,mbk,001_2nd,22,0,0,662
2020,10,44,26,mbk,005_6th,8,367,225,142
2020,10,44,26,mbk,005_6th,9,313,212,243
2020,10,44,26,mbk,005_6th,10,625,477,391
2020,10,44,26,mbk,005_6th,11,932,773,550
2020,10,44,26,mbk,005_6th,12,1864,1821,593
2020,10,44,26,mbk,005_6th,13,1373,1559,407
2020,10,44,26,mbk,005_6th,14,1135,1203,339
2020,10,44,26,mbk,005_6th,15,1010,1104,245
2020,10,44,26,mbk,005_6th,16,927,955,217
2020,10,44,26,mbk,005_6th,17,993,1047,163
2020,10,44,26,mbk,005_6th,18,1082,1218,27
2020,10,44,26,mbk,005_6th,19,677,936,-232
2020,10,44,26,mbk,005_6th,20,253,396,-375
2020,10,44,26,mbk,005_6th,21,224,267,-418
2020,10,44,26,mbk,003_4th,8,68,51,17
2020,10,44,26,mbk,003_4th,9,232,108,141
2020,10,44,26,mbk,003_4th,10,1119,556,704
2020,10,44,26,mbk,003_4th,11,1497,1087,1114
2020,10,44,26,mbk,003_4th,12,2089,1882,1321
2020,10,44,26,mbk,003_4th,13,1733,1749,1305
2020,10,44,26,mbk,003_4th,14,1546,1534,1317
2020,10,44,26,mbk,003_4th,15,1641,1515,1443
2020,10,44,26,mbk,003_4th,16,1440,1506,1377
2020,10,44,26,mbk,003_4th,17,1391,1389,1379
2020,10,44,26,mbk,003_4th,18,1361,1444,1296
2020,10,44,26,mbk,003_4th,19,983,1254,1025
2020,10,44,26,mbk,003_4th,20,454,1034,445
2020,10,44,26,mbk,003_4th,21,96,180,361
2020,10,44,26,mbk,003_4th,22,0,0,361
2020,10,44,26,mbk,002_3rd,8,38,50,-12
2020,10,44,26,mbk,002_3rd,9,151,164,-25
2020,10,44,26,mbk,002_3rd,10,1095,1021,49
2020,10,44,26,mbk,002_3rd,11,1546,1787,-192
2020,10,44,26,mbk,002_3rd,12,2402,2504,-294
2020,10,44,26,mbk,002_3rd,13,2182,2317,-429
2020,10,44,26,mbk,002_3rd,14,1844,1746,-331
2020,10,44,26,mbk,002_3rd,15,2064,2226,-493
2020,10,44,26,mbk,002_3rd,16,1894,1883,-482
2020,10,44,26,mbk,002_3rd,17,1587,1670,-565
2020,10,44,26,mbk,002_3rd,18,1525,1773,-813
2020,10,44,26,mbk,002_3rd,19,1133,1339,-1019
2020,10,44,26,mbk,002_3rd,20,780,1150,-1389
2020,10,44,26,mbk,002_3rd,21,123,94,-1360
2020,10,44,26,mbk,002_3rd,22,0,0,-1360
2020,10,44,26,mbk,006_7th,8,101,48,53
2020,10,44,26,mbk,006_7th,9,142,84,111
2020,10,44,26,mbk,006_7th,10,306,206,211
2020,10,44,26,mbk,006_7th,11,474,278,407
2020,10,44,26,mbk,006_7th,12,1115,830,692
2020,10,44,26,mbk,006_7th,13,721,833,580
2020,10,44,26,mbk,006_7th,14,619,613,586
2020,10,44,26,mbk,006_7th,15,564,532,618
2020,10,44,26,mbk,006_7th,16,466,472,612
2020,10,44,26,mbk,006_7th,17,523,493,642
2020,10,44,26,mbk,006_7th,18,488,459,671
2020,10,44,26,mbk,006_7th,19,291,398,564
2020,10,44,26,mbk,006_7th,20,78,230,412
2020,10,44,26,mbk,006_7th,21,42,154,300
2020,10,44,26,mbk,008_m,19,16,17,-24
2020,10,44,26,mbk,008_m,20,17,14,-21
2020,10,44,26,mbk,008_m,21,12,17,-26
2020,10,44,26,mbk,008_m,8,13,23,-10
2020,10,44,26,mbk,008_m,9,25,22,-7
2020,10,44,26,mbk,008_m,10,34,28,-1
2020,10,44,26,mbk,008_m,11,27,26,0
2020,10,44,26,mbk,008_m,12,33,32,1
2020,10,44,26,mbk,008_m,13,26,31,-4
2020,10,44,26,mbk,008_m,14,31,30,-3
2020,10,44,26,mbk,008_m,15,29,29,-3
2020,10,44,26,mbk,008_m,16,26,16,7
2020,10,44,26,mbk,008_m,17,13,41,-21
2020,10,44,26,mbk,008_m,18,22,24,-23
2020,10,44,26,mbk,007_8th,8,164,61,103
2020,10,44,26,mbk,007_8th,9,99,82,120
2020,10,44,26,mbk,007_8th,10,60,82,98
2020,10,44,26,mbk,007_8th,11,77,82,93
2020,10,44,26,mbk,007_8th,12,183,336,-60
2020,10,44,26,mbk,007_8th,13,211,94,57
2020,10,44,26,mbk,007_8th,14,112,130,39
2020,10,44,26,mbk,007_8th,15,92,124,7
2020,10,44,26,mbk,007_8th,16,83,86,4
2020,10,44,26,mbk,007_8th,17,45,148,-99
2020,10,44,26,mbk,007_8th,18,43,176,-232
2020,10,44,26,mbk,007_8th,19,38,69,-263
2020,10,44,26,mbk,007_8th,20,29,27,-261
2020,10,44,26,mbk,007_8th,21,22,33,-272
2020,10,44,26,tokyu,000_tokyu,8,44,41,3
2020,10,44,26,tokyu,000_tokyu,9,47,63,-13
2020,10,44,26,tokyu,000_tokyu,10,383,297,73
2020,10,44,26,tokyu,000_tokyu,11,852,867,58
2020,10,44,26,tokyu,000_tokyu,12,1578,1508,128
2020,10,44,26,tokyu,000_tokyu,13,1264,1238,154
2020,10,44,26,tokyu,000_tokyu,14,901,910,145
2020,10,44,26,tokyu,000_tokyu,15,861,850,156
2020,10,44,26,tokyu,000_tokyu,16,912,904,164
2020,10,44,26,tokyu,000_tokyu,17,1131,1094,201
2020,10,44,26,tokyu,000_tokyu,18,989,1002,188
2020,10,44,26,tokyu,000_tokyu,19,678,688,178
2020,10,44,26,tokyu,000_tokyu,20,16,48,146
2020,10,44,26,tokyu,000_tokyu,21,34,28,152
2020,10,44,26,tower,000_tower,8,260,149,111
2020,10,44,26,tower,000_tower,9,290,209,192
2020,10,44,26,tower,000_tower,10,149,125,216
2020,10,44,26,tower,000_tower,11,90,98,208
2020,10,44,26,tower,000_tower,12,289,294,203
2020,10,44,26,tower,000_tower,13,396,276,323
2020,10,44,26,tower,000_tower,14,195,163,355
2020,10,44,26,tower,000_tower,15,125,132,348
2020,10,44,26,tower,000_tower,16,101,128,321
2020,10,44,26,tower,000_tower,17,95,153,263
2020,10,44,26,tower,000_tower,18,142,218,187
2020,10,44,26,tower,000_tower,19,44,79,152
2020,10,44,26,tower,000_tower,20,34,32,154
2020,10,44,26,tower,000_tower,21,5,17,142
2020,10,44,26,tower,000_tower,22,0,0,142
2020,10,44,26,alaart,002_alaart3rd,8,2,1,1
2020,10,44,26,alaart,002_alaart3rd,9,27,25,3
2020,10,44,26,alaart,002_alaart3rd,10,163,134,32
2020,10,44,26,alaart,002_alaart3rd,11,179,149,62
2020,10,44,26,alaart,002_alaart3rd,12,351,280,133
2020,10,44,26,alaart,002_alaart3rd,13,282,238,177
2020,10,44,26,alaart,002_alaart3rd,14,209,172,214
2020,10,44,26,alaart,002_alaart3rd,15,300,238,276
2020,10,44,26,alaart,002_alaart3rd,16,296,246,326
2020,10,44,26,alaart,002_alaart3rd,17,266,219,373
2020,10,44,26,alaart,002_alaart3rd,18,227,178,422
2020,10,44,26,alaart,002_alaart3rd,19,139,126,435
2020,10,44,26,alaart,002_alaart3rd,20,67,20,482
2020,10,44,26,alaart,002_alaart3rd,21,4,2,484
2020,10,44,26,alaart,001_alaart2nd,8,2,1,1
2020,10,44,26,alaart,001_alaart2nd,9,26,22,5
2020,10,44,26,alaart,001_alaart2nd,10,127,143,-11
2020,10,44,26,alaart,001_alaart2nd,11,151,171,-31
2020,10,44,26,alaart,001_alaart2nd,12,271,310,-70
2020,10,44,26,alaart,001_alaart2nd,13,219,271,-122
2020,10,44,26,alaart,001_alaart2nd,14,159,202,-165
2020,10,44,26,alaart,001_alaart2nd,15,227,283,-221
2020,10,44,26,alaart,001_alaart2nd,16,238,294,-277
2020,10,44,26,alaart,001_alaart2nd,17,203,250,-324
2020,10,44,26,alaart,001_alaart2nd,18,161,206,-369
2020,10,44,26,alaart,001_alaart2nd,19,129,152,-392
2020,10,44,26,alaart,001_alaart2nd,20,75,115,-432
2020,10,44,26,alaart,001_alaart2nd,21,2,1,-431
2020,10,44,27,mbk,002_3rd,8,42,38,4
2020,10,44,27,mbk,002_3rd,9,156,162,-2
2020,10,44,27,mbk,002_3rd,10,1067,950,115
2020,10,44,27,mbk,002_3rd,11,1715,2310,-480
2020,10,44,27,mbk,002_3rd,12,2314,2309,-475
2020,10,44,27,mbk,002_3rd,13,2532,2230,-173
2020,10,44,27,mbk,002_3rd,14,2121,1934,14
2020,10,44,27,mbk,002_3rd,15,2171,2144,41
2020,10,44,27,mbk,002_3rd,16,1918,1938,21
2020,10,44,27,mbk,002_3rd,17,2028,2005,44
2020,10,44,27,mbk,002_3rd,18,1965,2116,-107
2020,10,44,27,mbk,002_3rd,19,1581,1692,-218
2020,10,44,27,mbk,002_3rd,20,957,986,-247
2020,10,44,27,mbk,002_3rd,21,123,79,-203
2020,10,44,27,mbk,004_5th,9,157,82,121
2020,10,44,27,mbk,004_5th,10,666,524,263
2020,10,44,27,mbk,004_5th,11,1090,1058,295
2020,10,44,27,mbk,004_5th,12,1938,2209,24
2020,10,44,27,mbk,004_5th,13,1728,1671,81
2020,10,44,27,mbk,004_5th,14,1380,1391,70
2020,10,44,27,mbk,004_5th,15,1224,1237,57
2020,10,44,27,mbk,004_5th,16,1247,1239,65
2020,10,44,27,mbk,004_5th,17,1303,1342,26
2020,10,44,27,mbk,004_5th,18,1366,1517,-125
2020,10,44,27,mbk,004_5th,19,1030,1175,-270
2020,10,44,27,mbk,004_5th,20,471,570,-369
2020,10,44,27,mbk,004_5th,21,227,290,-432
2020,10,44,27,mbk,004_5th,8,92,46,46
2020,10,44,27,mbk,001_2nd,8,913,514,399
2020,10,44,27,mbk,001_2nd,9,1066,601,864
2020,10,44,27,mbk,001_2nd,10,1784,1500,1148
2020,10,44,27,mbk,001_2nd,11,2952,1951,2149
2020,10,44,27,mbk,001_2nd,12,2573,2530,2192
2020,10,44,27,mbk,001_2nd,13,2494,2730,1956
2020,10,44,27,mbk,001_2nd,14,2190,2443,1703
2020,10,44,27,mbk,001_2nd,15,2440,2447,1696
2020,10,44,27,mbk,001_2nd,16,2276,2435,1537
2020,10,44,27,mbk,001_2nd,17,2651,2700,1488
2020,10,44,27,mbk,001_2nd,18,2647,2944,1191
2020,10,44,27,mbk,001_2nd,19,1839,2588,442
2020,10,44,27,mbk,001_2nd,20,905,1418,-71
2020,10,44,27,mbk,001_2nd,21,272,448,-247
2020,10,44,27,mbk,003_4th,8,60,38,22
2020,10,44,27,mbk,003_4th,9,222,116,128
2020,10,44,27,mbk,003_4th,10,1203,609,722
2020,10,44,27,mbk,003_4th,11,1532,1180,1074
2020,10,44,27,mbk,003_4th,12,2057,1788,1343
2020,10,44,27,mbk,003_4th,13,1780,1814,1309
2020,10,44,27,mbk,003_4th,14,1788,1713,1384
2020,10,44,27,mbk,003_4th,15,1735,1708,1411
2020,10,44,27,mbk,003_4th,16,1628,1580,1459
2020,10,44,27,mbk,003_4th,17,1623,1699,1383
2020,10,44,27,mbk,003_4th,18,1695,1732,1346
2020,10,44,27,mbk,003_4th,19,1186,1439,1093
2020,10,44,27,mbk,003_4th,20,593,1225,461
2020,10,44,27,mbk,003_4th,21,141,226,376
2020,10,44,27,mbk,000_g,8,708,564,144
2020,10,44,27,mbk,000_g,9,918,713,349
2020,10,44,27,mbk,000_g,10,1475,1141,683
2020,10,44,27,mbk,000_g,11,1639,1336,986
2020,10,44,27,mbk,000_g,12,2195,1823,1358
2020,10,44,27,mbk,000_g,13,1927,1925,1360
2020,10,44,27,mbk,000_g,14,1705,1582,1483
2020,10,44,27,mbk,000_g,15,1592,1538,1537
2020,10,44,27,mbk,000_g,16,1642,1574,1605
2020,10,44,27,mbk,000_g,17,1693,1719,1579
2020,10,44,27,mbk,000_g,18,1716,1880,1415
2020,10,44,27,mbk,000_g,19,1365,1508,1272
2020,10,44,27,mbk,000_g,20,1053,1188,1137
2020,10,44,27,mbk,000_g,21,678,727,1088
2020,10,44,27,mbk,000_g,22,0,0,1088
2020,10,44,27,mbk,007_8th,8,171,66,105
2020,10,44,27,mbk,007_8th,9,109,60,154
2020,10,44,27,mbk,007_8th,10,82,71,165
2020,10,44,27,mbk,007_8th,11,82,86,161
2020,10,44,27,mbk,007_8th,12,203,418,-54
2020,10,44,27,mbk,007_8th,13,254,118,82
2020,10,44,27,mbk,007_8th,14,93,142,33
2020,10,44,27,mbk,007_8th,15,93,125,1
2020,10,44,27,mbk,007_8th,16,82,127,-44
2020,10,44,27,mbk,007_8th,17,70,128,-102
2020,10,44,27,mbk,007_8th,18,64,232,-270
2020,10,44,27,mbk,007_8th,19,38,104,-336
2020,10,44,27,mbk,007_8th,20,17,32,-351
2020,10,44,27,mbk,007_8th,21,24,18,-345
2020,10,44,27,mbk,005_6th,8,365,221,144
2020,10,44,27,mbk,005_6th,9,377,273,248
2020,10,44,27,mbk,005_6th,10,595,462,381
2020,10,44,27,mbk,005_6th,11,922,771,532
2020,10,44,27,mbk,005_6th,12,1786,1597,721
2020,10,44,27,mbk,005_6th,13,1396,1608,509
2020,10,44,27,mbk,005_6th,14,1156,1187,478
2020,10,44,27,mbk,005_6th,15,1105,1091,492
2020,10,44,27,mbk,005_6th,16,1055,1100,447
2020,10,44,27,mbk,005_6th,17,1116,1197,366
2020,10,44,27,mbk,005_6th,18,1331,1419,278
2020,10,44,27,mbk,005_6th,19,825,1126,-23
2020,10,44,27,mbk,005_6th,20,359,557,-221
2020,10,44,27,mbk,005_6th,21,341,405,-285
2020,10,44,27,mbk,005_6th,22,0,0,-285
2020,10,44,27,mbk,008_m,8,21,33,-12
2020,10,44,27,mbk,008_m,9,29,22,-5
2020,10,44,27,mbk,008_m,10,39,42,-8
2020,10,44,27,mbk,008_m,11,28,20,0
2020,10,44,27,mbk,008_m,12,26,21,5
2020,10,44,27,mbk,008_m,13,42,34,13
2020,10,44,27,mbk,008_m,14,22,26,9
2020,10,44,27,mbk,008_m,15,20,31,-2
2020,10,44,27,mbk,008_m,16,24,17,5
2020,10,44,27,mbk,008_m,17,18,53,-30
2020,10,44,27,mbk,008_m,18,11,27,-46
2020,10,44,27,mbk,008_m,19,11,16,-51
2020,10,44,27,mbk,008_m,20,19,8,-40
2020,10,44,27,mbk,008_m,21,5,9,-44
2020,10,44,27,mbk,006_7th,8,112,50,62
2020,10,44,27,mbk,006_7th,9,149,87,124
2020,10,44,27,mbk,006_7th,10,313,169,268
2020,10,44,27,mbk,006_7th,11,449,324,393
2020,10,44,27,mbk,006_7th,12,1001,790,604
2020,10,44,27,mbk,006_7th,13,696,774,526
2020,10,44,27,mbk,006_7th,14,585,566,545
2020,10,44,27,mbk,006_7th,15,568,552,561
2020,10,44,27,mbk,006_7th,16,558,546,573
2020,10,44,27,mbk,006_7th,17,568,512,629
2020,10,44,27,mbk,006_7th,18,569,553,645
2020,10,44,27,mbk,006_7th,19,370,496,519
2020,10,44,27,mbk,006_7th,20,95,289,325
2020,10,44,27,mbk,006_7th,21,60,160,225
2020,10,44,27,tokyu,000_tokyu,8,30,50,-20
2020,10,44,27,tokyu,000_tokyu,9,38,68,-50
2020,10,44,27,tokyu,000_tokyu,10,356,305,1
2020,10,44,27,tokyu,000_tokyu,11,872,853,20
2020,10,44,27,tokyu,000_tokyu,12,1427,1383,64
2020,10,44,27,tokyu,000_tokyu,13,1081,1080,65
2020,10,44,27,tokyu,000_tokyu,14,836,843,58
2020,10,44,27,tokyu,000_tokyu,15,831,848,41
2020,10,44,27,tokyu,000_tokyu,16,855,853,43
2020,10,44,27,tokyu,000_tokyu,17,1145,1135,53
2020,10,44,27,tokyu,000_tokyu,18,1238,1223,68
2020,10,44,27,tokyu,000_tokyu,19,845,853,60
2020,10,44,27,tokyu,000_tokyu,20,20,57,23
2020,10,44,27,tokyu,000_tokyu,21,8,8,23
2020,10,44,27,tower,000_tower,8,216,138,78
2020,10,44,27,tower,000_tower,9,302,202,178
2020,10,44,27,tower,000_tower,10,169,148,199
2020,10,44,27,tower,000_tower,11,104,110,193
2020,10,44,27,tower,000_tower,12,278,304,167
2020,10,44,27,tower,000_tower,13,405,333,239
2020,10,44,27,tower,000_tower,14,227,181,285
2020,10,44,27,tower,000_tower,15,134,116,303
2020,10,44,27,tower,000_tower,16,79,71,311
2020,10,44,27,tower,000_tower,17,98,133,276
2020,10,44,27,tower,000_tower,18,150,244,182
2020,10,44,27,tower,000_tower,19,64,135,111
2020,10,44,27,tower,000_tower,20,38,64,85
2020,10,44,27,tower,000_tower,21,26,31,80
2020,10,44,27,tower,000_tower,22,0,0,80
2020,10,44,27,alaart,001_alaart2nd,8,2,0,2
2020,10,44,27,alaart,001_alaart2nd,9,30,27,5
2020,10,44,27,alaart,001_alaart2nd,10,126,133,-2
2020,10,44,27,alaart,001_alaart2nd,11,148,176,-30
2020,10,44,27,alaart,001_alaart2nd,12,244,307,-93
2020,10,44,27,alaart,001_alaart2nd,13,189,255,-159
2020,10,44,27,alaart,001_alaart2nd,14,187,222,-194
2020,10,44,27,alaart,001_alaart2nd,15,212,274,-256
2020,10,44,27,alaart,001_alaart2nd,16,221,274,-309
2020,10,44,27,alaart,001_alaart2nd,17,298,344,-355
2020,10,44,27,alaart,001_alaart2nd,18,237,299,-417
2020,10,44,27,alaart,001_alaart2nd,19,162,219,-474
2020,10,44,27,alaart,001_alaart2nd,20,102,134,-506
2020,10,44,27,alaart,001_alaart2nd,21,2,3,-507
2020,10,44,27,alaart,002_alaart3rd,8,2,2,0
2020,10,44,27,alaart,002_alaart3rd,9,31,32,-1
2020,10,44,27,alaart,002_alaart3rd,10,150,132,17
2020,10,44,27,alaart,002_alaart3rd,11,191,151,57
2020,10,44,27,alaart,002_alaart3rd,12,311,247,121
2020,10,44,27,alaart,002_alaart3rd,13,258,184,195
2020,10,44,27,alaart,002_alaart3rd,14,230,199,226
2020,10,44,27,alaart,002_alaart3rd,15,290,226,290
2020,10,44,27,alaart,002_alaart3rd,16,287,235,342
2020,10,44,27,alaart,002_alaart3rd,17,352,301,393
2020,10,44,27,alaart,002_alaart3rd,18,317,236,474
2020,10,44,27,alaart,002_alaart3rd,19,222,172,524
2020,10,44,27,alaart,002_alaart3rd,20,132,110,546
2020,10,44,27,alaart,002_alaart3rd,21,8,18,536
2020,10,44,28,mbk,005_6th,8,374,240,134
2020,10,44,28,mbk,005_6th,9,344,224,254
2020,10,44,28,mbk,005_6th,10,666,510,410
2020,10,44,28,mbk,005_6th,11,900,781,529
2020,10,44,28,mbk,005_6th,12,1819,1732,616
2020,10,44,28,mbk,005_6th,13,1510,1708,418
2020,10,44,28,mbk,005_6th,14,1217,1327,308
2020,10,44,28,mbk,005_6th,15,1171,1203,276
2020,10,44,28,mbk,005_6th,16,1341,1243,374
2020,10,44,28,mbk,005_6th,17,1529,1477,426
2020,10,44,28,mbk,005_6th,18,1540,1726,240
2020,10,44,28,mbk,005_6th,19,1254,1564,-70
2020,10,44,28,mbk,005_6th,20,602,878,-346
2020,10,44,28,mbk,005_6th,21,322,614,-638
2020,10,44,28,mbk,005_6th,22,0,0,-638
2020,10,44,28,mbk,000_g,8,724,607,117
2020,10,44,28,mbk,000_g,9,912,694,335
2020,10,44,28,mbk,000_g,10,1572,1178,729
2020,10,44,28,mbk,000_g,11,1602,1367,964
2020,10,44,28,mbk,000_g,12,2253,2009,1208
2020,10,44,28,mbk,000_g,13,1968,1928,1248
2020,10,44,28,mbk,000_g,14,1870,1691,1427
2020,10,44,28,mbk,000_g,15,1810,1725,1512
2020,10,44,28,mbk,000_g,16,1645,1549,1608
2020,10,44,28,mbk,000_g,17,1788,1843,1553
2020,10,44,28,mbk,000_g,18,1903,2122,1334
2020,10,44,28,mbk,000_g,19,1436,1630,1140
2020,10,44,28,mbk,000_g,20,1091,1262,969
2020,10,44,28,mbk,000_g,21,798,873,894
2020,10,44,28,mbk,000_g,22,0,0,894
2020,10,44,28,mbk,003_4th,9,187,105,116
2020,10,44,28,mbk,003_4th,10,1174,645,645
2020,10,44,28,mbk,003_4th,11,1609,1204,1050
2020,10,44,28,mbk,003_4th,12,2129,1930,1249
2020,10,44,28,mbk,003_4th,13,1967,1923,1293
2020,10,44,28,mbk,003_4th,14,1806,1770,1329
2020,10,44,28,mbk,003_4th,15,1842,1774,1397
2020,10,44,28,mbk,003_4th,16,1818,1783,1432
2020,10,44,28,mbk,003_4th,17,1884,1874,1442
2020,10,44,28,mbk,003_4th,18,1801,1844,1399
2020,10,44,28,mbk,003_4th,19,1430,1685,1144
2020,10,44,28,mbk,003_4th,20,908,1484,568
2020,10,44,28,mbk,003_4th,21,196,344,420
2020,10,44,28,mbk,003_4th,8,61,27,34
2020,10,44,28,mbk,002_3rd,9,149,147,6
2020,10,44,28,mbk,002_3rd,10,1297,994,309
2020,10,44,28,mbk,002_3rd,11,1505,2149,-335
2020,10,44,28,mbk,002_3rd,12,2447,2711,-599
2020,10,44,28,mbk,002_3rd,13,2679,2425,-345
2020,10,44,28,mbk,002_3rd,14,2091,2151,-405
2020,10,44,28,mbk,002_3rd,15,2216,2245,-434
2020,10,44,28,mbk,002_3rd,16,2163,2016,-287
2020,10,44,28,mbk,002_3rd,17,2291,2387,-383
2020,10,44,28,mbk,002_3rd,18,2316,2407,-474
2020,10,44,28,mbk,002_3rd,19,1874,2034,-634
2020,10,44,28,mbk,002_3rd,20,1185,1335,-784
2020,10,44,28,mbk,002_3rd,21,196,145,-733
2020,10,44,28,mbk,002_3rd,8,30,26,4
2020,10,44,28,mbk,006_7th,8,79,30,49
2020,10,44,28,mbk,006_7th,9,144,77,116
2020,10,44,28,mbk,006_7th,10,314,194,236
2020,10,44,28,mbk,006_7th,11,430,256,410
2020,10,44,28,mbk,006_7th,12,1075,788,697
2020,10,44,28,mbk,006_7th,13,717,836,578
2020,10,44,28,mbk,006_7th,14,650,609,619
2020,10,44,28,mbk,006_7th,15,587,538,668
2020,10,44,28,mbk,006_7th,16,589,556,701
2020,10,44,28,mbk,006_7th,17,669,631,739
2020,10,44,28,mbk,006_7th,18,695,608,826
2020,10,44,28,mbk,006_7th,19,569,600,795
2020,10,44,28,mbk,006_7th,20,165,472,488
2020,10,44,28,mbk,006_7th,21,58,252,294
2020,10,44,28,mbk,006_7th,22,0,1,293
2020,10,44,28,mbk,001_2nd,8,975,571,404
2020,10,44,28,mbk,001_2nd,9,1085,597,892
2020,10,44,28,mbk,001_2nd,10,1907,1749,1050
2020,10,44,28,mbk,001_2nd,11,2664,1786,1928
2020,10,44,28,mbk,001_2nd,12,2986,2657,2257
2020,10,44,28,mbk,001_2nd,13,2682,2963,1976
2020,10,44,28,mbk,001_2nd,14,2618,2533,2061
2020,10,44,28,mbk,001_2nd,15,2473,2634,1900
2020,10,44,28,mbk,001_2nd,16,2461,2570,1791
2020,10,44,28,mbk,001_2nd,17,3021,3096,1716
2020,10,44,28,mbk,001_2nd,18,3123,3425,1414
2020,10,44,28,mbk,001_2nd,19,2048,2760,702
2020,10,44,28,mbk,001_2nd,20,1257,1694,265
2020,10,44,28,mbk,001_2nd,21,405,623,47
2020,10,44,28,mbk,001_2nd,22,0,0,47
2020,10,44,28,mbk,004_5th,8,70,30,40
2020,10,44,28,mbk,004_5th,9,153,74,119
2020,10,44,28,mbk,004_5th,10,631,509,241
2020,10,44,28,mbk,004_5th,11,1149,1067,323
2020,10,44,28,mbk,004_5th,12,2126,2233,216
2020,10,44,28,mbk,004_5th,13,1902,1848,270
2020,10,44,28,mbk,004_5th,14,1455,1376,349
2020,10,44,28,mbk,004_5th,15,1412,1414,347
2020,10,44,28,mbk,004_5th,16,1472,1454,365
2020,10,44,28,mbk,004_5th,17,1638,1763,240
2020,10,44,28,mbk,004_5th,18,1705,1716,229
2020,10,44,28,mbk,004_5th,19,1422,1568,83
2020,10,44,28,mbk,004_5th,20,790,973,-100
2020,10,44,28,mbk,004_5th,21,332,392,-160
2020,10,44,28,mbk,007_8th,9,107,69,151
2020,10,44,28,mbk,007_8th,10,73,82,142
2020,10,44,28,mbk,007_8th,11,75,81,136
2020,10,44,28,mbk,007_8th,12,182,368,-50
2020,10,44,28,mbk,007_8th,13,213,115,48
2020,10,44,28,mbk,007_8th,14,90,115,23
2020,10,44,28,mbk,007_8th,15,98,118,3
2020,10,44,28,mbk,007_8th,16,88,123,-32
2020,10,44,28,mbk,007_8th,17,86,198,-144
2020,10,44,28,mbk,007_8th,18,93,191,-242
2020,10,44,28,mbk,007_8th,19,45,100,-297
2020,10,44,28,mbk,007_8th,20,29,56,-324
2020,10,44,28,mbk,007_8th,21,47,49,-326
2020,10,44,28,mbk,007_8th,8,166,53,113
2020,10,44,28,mbk,008_m,8,18,23,-5
2020,10,44,28,mbk,008_m,9,25,34,-14
2020,10,44,28,mbk,008_m,10,34,28,-8
2020,10,44,28,mbk,008_m,11,39,26,5
2020,10,44,28,mbk,008_m,12,38,24,19
2020,10,44,28,mbk,008_m,13,33,42,10
2020,10,44,28,mbk,008_m,14,42,33,19
2020,10,44,28,mbk,008_m,15,25,41,3
2020,10,44,28,mbk,008_m,16,33,33,3
2020,10,44,28,mbk,008_m,17,19,57,-35
2020,10,44,28,mbk,008_m,18,15,26,-46
2020,10,44,28,mbk,008_m,19,11,14,-49
2020,10,44,28,mbk,008_m,20,13,12,-48
2020,10,44,28,mbk,008_m,21,17,12,-43
2020,10,44,28,tower,000_tower,8,271,173,98
2020,10,44,28,tower,000_tower,9,288,183,203
2020,10,44,28,tower,000_tower,10,176,148,231
2020,10,44,28,tower,000_tower,11,109,121,219
2020,10,44,28,tower,000_tower,12,294,321,192
2020,10,44,28,tower,000_tower,13,398,308,282
2020,10,44,28,tower,000_tower,14,192,173,301
2020,10,44,28,tower,000_tower,15,102,102,301
2020,10,44,28,tower,000_tower,16,83,105,279
2020,10,44,28,tower,000_tower,17,166,204,241
2020,10,44,28,tower,000_tower,18,149,221,169
2020,10,44,28,tower,000_tower,19,61,143,87
2020,10,44,28,tower,000_tower,20,57,76,68
2020,10,44,28,tower,000_tower,21,14,41,41
2020,10,44,28,tower,000_tower,22,0,0,41
2020,10,44,28,tokyu,000_tokyu,8,40,44,-4
2020,10,44,28,tokyu,000_tokyu,9,37,46,-13
2020,10,44,28,tokyu,000_tokyu,10,336,289,34
2020,10,44,28,tokyu,000_tokyu,11,872,843,63
2020,10,44,28,tokyu,000_tokyu,12,1594,1459,198
2020,10,44,28,tokyu,000_tokyu,13,1300,1264,234
2020,10,44,28,tokyu,000_tokyu,14,907,903,238
2020,10,44,28,tokyu,000_tokyu,15,964,969,233
2020,10,44,28,tokyu,000_tokyu,16,1013,1036,210
2020,10,44,28,tokyu,000_tokyu,17,1264,1265,209
2020,10,44,28,tokyu,000_tokyu,18,1446,1478,177
2020,10,44,28,tokyu,000_tokyu,19,989,1018,148
2020,10,44,28,tokyu,000_tokyu,20,22,60,110
2020,10,44,28,tokyu,000_tokyu,21,13,10,113
2020,10,44,28,alaart,001_alaart2nd,8,8,6,2
2020,10,44,28,alaart,001_alaart2nd,9,28,22,8
2020,10,44,28,alaart,001_alaart2nd,10,155,169,-6
2020,10,44,28,alaart,001_alaart2nd,11,188,227,-45
2020,10,44,28,alaart,001_alaart2nd,12,297,344,-92
2020,10,44,28,alaart,001_alaart2nd,13,244,318,-166
2020,10,44,28,alaart,001_alaart2nd,14,209,275,-232
2020,10,44,28,alaart,001_alaart2nd,15,263,326,-295
2020,10,44,28,alaart,001_alaart2nd,16,298,344,-341
2020,10,44,28,alaart,001_alaart2nd,17,291,344,-394
2020,10,44,28,alaart,001_alaart2nd,18,289,362,-467
2020,10,44,28,alaart,001_alaart2nd,19,161,224,-530
2020,10,44,28,alaart,001_alaart2nd,20,91,131,-570
2020,10,44,28,alaart,001_alaart2nd,21,4,4,-570
2020,10,44,28,alaart,002_alaart3rd,8,8,7,1
2020,10,44,28,alaart,002_alaart3rd,9,26,24,3
2020,10,44,28,alaart,002_alaart3rd,10,182,163,22
2020,10,44,28,alaart,002_alaart3rd,11,241,185,78
2020,10,44,28,alaart,002_alaart3rd,12,355,293,140
2020,10,44,28,alaart,002_alaart3rd,13,329,249,220
2020,10,44,28,alaart,002_alaart3rd,14,291,226,285
2020,10,44,28,alaart,002_alaart3rd,15,331,261,355
2020,10,44,28,alaart,002_alaart3rd,16,354,309,400
2020,10,44,28,alaart,002_alaart3rd,17,380,299,481
2020,10,44,28,alaart,002_alaart3rd,18,366,288,559
2020,10,44,28,alaart,002_alaart3rd,19,225,176,608
2020,10,44,28,alaart,002_alaart3rd,20,136,110,634
2020,10,44,28,alaart,002_alaart3rd,21,6,18,622
2020,10,44,29,mbk,001_2nd,8,862,531,331
2020,10,44,29,mbk,001_2nd,9,1095,631,795
2020,10,44,29,mbk,001_2nd,10,1738,1516,1017
2020,10,44,29,mbk,001_2nd,11,2726,1757,1986
2020,10,44,29,mbk,001_2nd,12,2778,2629,2135
2020,10,44,29,mbk,001_2nd,13,2601,2959,1777
2020,10,44,29,mbk,001_2nd,14,2391,2601,1567
2020,10,44,29,mbk,001_2nd,15,2471,2643,1395
2020,10,44,29,mbk,001_2nd,16,2550,2703,1242
2020,10,44,29,mbk,001_2nd,17,2725,2845,1122
2020,10,44,29,mbk,001_2nd,18,2891,3270,743
2020,10,44,29,mbk,001_2nd,19,2016,2660,99
2020,10,44,29,mbk,001_2nd,20,971,1432,-362
2020,10,44,29,mbk,001_2nd,21,253,464,-573
2020,10,44,29,mbk,000_g,8,731,611,120
2020,10,44,29,mbk,000_g,9,919,703,336
2020,10,44,29,mbk,000_g,10,1506,1112,730
2020,10,44,29,mbk,000_g,11,1573,1342,961
2020,10,44,29,mbk,000_g,12,2254,1911,1304
2020,10,44,29,mbk,000_g,13,2008,2097,1215
2020,10,44,29,mbk,000_g,14,1835,1620,1430
2020,10,44,29,mbk,000_g,15,1600,1539,1491
2020,10,44,29,mbk,000_g,16,1618,1602,1507
2020,10,44,29,mbk,000_g,17,1596,1629,1474
2020,10,44,29,mbk,000_g,18,1708,1789,1393
2020,10,44,29,mbk,000_g,19,1292,1409,1276
2020,10,44,29,mbk,000_g,20,1057,1203,1130
2020,10,44,29,mbk,000_g,21,560,609,1081
2020,10,44,29,mbk,000_g,22,0,0,1081
2020,10,44,29,mbk,005_6th,8,380,243,137
2020,10,44,29,mbk,005_6th,9,366,256,247
2020,10,44,29,mbk,005_6th,10,612,500,359
2020,10,44,29,mbk,005_6th,11,925,753,531
2020,10,44,29,mbk,005_6th,12,1905,1725,711
2020,10,44,29,mbk,005_6th,13,1484,1611,584
2020,10,44,29,mbk,005_6th,14,1127,1249,462
2020,10,44,29,mbk,005_6th,15,1070,1142,390
2020,10,44,29,mbk,005_6th,16,1011,1096,305
2020,10,44,29,mbk,005_6th,17,1041,1078,268
2020,10,44,29,mbk,005_6th,18,1154,1229,193
2020,10,44,29,mbk,005_6th,19,767,997,-37
2020,10,44,29,mbk,005_6th,20,330,503,-210
2020,10,44,29,mbk,005_6th,21,272,301,-239
2020,10,44,29,mbk,002_3rd,8,33,36,-3
2020,10,44,29,mbk,002_3rd,9,136,133,0
2020,10,44,29,mbk,002_3rd,10,1108,947,161
2020,10,44,29,mbk,002_3rd,11,1457,2087,-469
2020,10,44,29,mbk,002_3rd,12,2446,2578,-601
2020,10,44,29,mbk,002_3rd,13,2626,2319,-294
2020,10,44,29,mbk,002_3rd,14,2088,1945,-151
2020,10,44,29,mbk,002_3rd,15,2210,2176,-117
2020,10,44,29,mbk,002_3rd,16,1908,2012,-221
2020,10,44,29,mbk,002_3rd,17,1908,2035,-348
2020,10,44,29,mbk,002_3rd,18,1977,2131,-502
2020,10,44,29,mbk,002_3rd,19,1807,1880,-575
2020,10,44,29,mbk,002_3rd,20,1033,1071,-613
2020,10,44,29,mbk,002_3rd,21,157,113,-569
2020,10,44,29,mbk,008_m,8,15,18,-3
2020,10,44,29,mbk,008_m,9,17,31,-17
2020,10,44,29,mbk,008_m,10,56,39,0
2020,10,44,29,mbk,008_m,11,37,23,14
2020,10,44,29,mbk,008_m,12,33,37,10
2020,10,44,29,mbk,008_m,13,43,42,11
2020,10,44,29,mbk,008_m,14,36,45,2
2020,10,44,29,mbk,008_m,15,36,35,3
2020,10,44,29,mbk,008_m,16,52,32,23
2020,10,44,29,mbk,008_m,17,17,56,-16
2020,10,44,29,mbk,008_m,18,13,23,-26
2020,10,44,29,mbk,008_m,19,8,11,-29
2020,10,44,29,mbk,008_m,20,25,18,-22
2020,10,44,29,mbk,008_m,21,24,21,-19
2020,10,44,29,mbk,003_4th,8,62,46,16
2020,10,44,29,mbk,003_4th,9,194,84,126
2020,10,44,29,mbk,003_4th,10,1114,616,624
2020,10,44,29,mbk,003_4th,11,1496,1104,1016
2020,10,44,29,mbk,003_4th,12,2099,1872,1243
2020,10,44,29,mbk,003_4th,13,1879,1789,1333
2020,10,44,29,mbk,003_4th,14,1732,1709,1356
2020,10,44,29,mbk,003_4th,15,1805,1735,1426
2020,10,44,29,mbk,003_4th,16,1698,1679,1445
2020,10,44,29,mbk,003_4th,17,1499,1616,1328
2020,10,44,29,mbk,003_4th,18,1435,1482,1281
2020,10,44,29,mbk,003_4th,19,1152,1413,1020
2020,10,44,29,mbk,003_4th,20,666,1224,462
2020,10,44,29,mbk,003_4th,21,121,270,313
2020,10,44,29,mbk,004_5th,8,79,44,35
2020,10,44,29,mbk,004_5th,9,133,63,105
2020,10,44,29,mbk,004_5th,10,670,534,241
2020,10,44,29,mbk,004_5th,11,1075,1081,235
2020,10,44,29,mbk,004_5th,12,1989,2269,-45
2020,10,44,29,mbk,004_5th,13,1789,1673,71
2020,10,44,29,mbk,004_5th,14,1403,1353,121
2020,10,44,29,mbk,004_5th,15,1300,1293,128
2020,10,44,29,mbk,004_5th,16,1231,1245,114
2020,10,44,29,mbk,004_5th,17,1269,1351,32
2020,10,44,29,mbk,004_5th,18,1183,1306,-91
2020,10,44,29,mbk,004_5th,19,944,1066,-213
2020,10,44,29,mbk,004_5th,20,472,624,-365
2020,10,44,29,mbk,004_5th,21,239,284,-410
2020,10,44,29,mbk,006_7th,8,112,57,55
2020,10,44,29,mbk,006_7th,9,121,58,118
2020,10,44,29,mbk,006_7th,10,281,195,204
2020,10,44,29,mbk,006_7th,11,458,275,387
2020,10,44,29,mbk,006_7th,12,1114,841,660
2020,10,44,29,mbk,006_7th,13,659,851,468
2020,10,44,29,mbk,006_7th,14,544,549,463
2020,10,44,29,mbk,006_7th,15,542,548,457
2020,10,44,29,mbk,006_7th,16,460,452,465
2020,10,44,29,mbk,006_7th,17,488,475,478
2020,10,44,29,mbk,006_7th,18,533,460,551
2020,10,44,29,mbk,006_7th,19,317,409,459
2020,10,44,29,mbk,006_7th,20,96,299,256
2020,10,44,29,mbk,006_7th,21,39,123,172
2020,10,44,29,mbk,007_8th,8,167,61,106
2020,10,44,29,mbk,007_8th,9,105,57,154
2020,10,44,29,mbk,007_8th,10,78,94,138
2020,10,44,29,mbk,007_8th,11,77,84,131
2020,10,44,29,mbk,007_8th,12,165,394,-98
2020,10,44,29,mbk,007_8th,13,268,128,42
2020,10,44,29,mbk,007_8th,14,109,141,10
2020,10,44,29,mbk,007_8th,15,123,146,-13
2020,10,44,29,mbk,007_8th,16,88,130,-55
2020,10,44,29,mbk,007_8th,17,62,178,-171
2020,10,44,29,mbk,007_8th,18,66,196,-301
2020,10,44,29,mbk,007_8th,19,37,69,-333
2020,10,44,29,mbk,007_8th,20,16,35,-352
2020,10,44,29,mbk,007_8th,21,26,30,-356
2020,10,44,29,tokyu,000_tokyu,8,47,42,5
2020,10,44,29,tokyu,000_tokyu,9,57,67,-5
2020,10,44,29,tokyu,000_tokyu,10,413,384,24
2020,10,44,29,tokyu,000_tokyu,11,885,837,72
2020,10,44,29,tokyu,000_tokyu,12,1612,1529,155
2020,10,44,29,tokyu,000_tokyu,13,1275,1305,125
2020,10,44,29,tokyu,000_tokyu,14,1033,1016,142
2020,10,44,29,tokyu,000_tokyu,15,1012,1011,143
2020,10,44,29,tokyu,000_tokyu,16,1011,1024,130
2020,10,44,29,tokyu,000_tokyu,17,1245,1256,119
2020,10,44,29,tokyu,000_tokyu,18,1634,1644,109
2020,10,44,29,tokyu,000_tokyu,19,970,1023,56
2020,10,44,29,tokyu,000_tokyu,20,20,56,20
2020,10,44,29,tokyu,000_tokyu,21,4,1,23
2020,10,44,29,tower,000_tower,8,293,194,99
2020,10,44,29,tower,000_tower,9,295,197,197
2020,10,44,29,tower,000_tower,10,189,143,243
2020,10,44,29,tower,000_tower,11,109,126,226
2020,10,44,29,tower,000_tower,12,328,345,209
2020,10,44,29,tower,000_tower,13,402,290,321
2020,10,44,29,tower,000_tower,14,173,153,341
2020,10,44,29,tower,000_tower,15,124,131,334
2020,10,44,29,tower,000_tower,16,81,119,296
2020,10,44,29,tower,000_tower,17,113,171,238
2020,10,44,29,tower,000_tower,18,133,231,140
2020,10,44,29,tower,000_tower,19,55,97,98
2020,10,44,29,tower,000_tower,20,23,50,71
2020,10,44,29,tower,000_tower,21,2,14,59
2020,10,44,29,tower,000_tower,22,0,0,59
2020,10,44,29,alaart,002_alaart3rd,8,5,4,1
2020,10,44,29,alaart,002_alaart3rd,9,34,30,5
2020,10,44,29,alaart,002_alaart3rd,10,140,112,33
2020,10,44,29,alaart,002_alaart3rd,11,214,172,75
2020,10,44,29,alaart,002_alaart3rd,12,287,214,148
2020,10,44,29,alaart,002_alaart3rd,13,317,252,213
2020,10,44,29,alaart,002_alaart3rd,14,260,224,249
2020,10,44,29,alaart,002_alaart3rd,15,300,255,294
2020,10,44,29,alaart,002_alaart3rd,16,355,304,345
2020,10,44,29,alaart,002_alaart3rd,17,299,246,398
2020,10,44,29,alaart,002_alaart3rd,18,290,232,456
2020,10,44,29,alaart,002_alaart3rd,19,201,158,499
2020,10,44,29,alaart,002_alaart3rd,20,163,143,519
2020,10,44,29,alaart,002_alaart3rd,21,6,13,512
2020,10,44,29,alaart,001_alaart2nd,8,3,1,2
2020,10,44,29,alaart,001_alaart2nd,9,38,33,7
2020,10,44,29,alaart,001_alaart2nd,10,105,123,-11
2020,10,44,29,alaart,001_alaart2nd,11,158,192,-45
2020,10,44,29,alaart,001_alaart2nd,12,213,277,-109
2020,10,44,29,alaart,001_alaart2nd,13,244,299,-164
2020,10,44,29,alaart,001_alaart2nd,14,216,257,-205
2020,10,44,29,alaart,001_alaart2nd,15,241,302,-266
2020,10,44,29,alaart,001_alaart2nd,16,302,347,-311
2020,10,44,29,alaart,001_alaart2nd,17,230,285,-366
2020,10,44,29,alaart,001_alaart2nd,18,236,289,-419
2020,10,44,29,alaart,001_alaart2nd,19,137,191,-473
2020,10,44,29,alaart,001_alaart2nd,20,127,159,-505
2020,10,44,29,alaart,001_alaart2nd,21,5,7,-507
2020,10,44,30,mbk,004_5th,8,76,48,28
2020,10,44,30,mbk,004_5th,9,159,79,108
2020,10,44,30,mbk,004_5th,10,734,611,231
2020,10,44,30,mbk,004_5th,11,1217,1115,333
2020,10,44,30,mbk,004_5th,12,2206,2439,100
2020,10,44,30,mbk,004_5th,13,2270,2173,197
2020,10,44,30,mbk,004_5th,14,1749,1748,198
2020,10,44,30,mbk,004_5th,15,1571,1640,129
2020,10,44,30,mbk,004_5th,16,1559,1571,117
2020,10,44,30,mbk,004_5th,17,1662,1685,94
2020,10,44,30,mbk,004_5th,18,1876,2031,-61
2020,10,44,30,mbk,004_5th,19,1421,1564,-204
2020,10,44,30,mbk,004_5th,20,652,866,-418
2020,10,44,30,mbk,004_5th,21,192,289,-515
2020,10,44,30,mbk,004_5th,22,0,0,-515
2020,10,44,30,mbk,002_3rd,8,31,46,-15
2020,10,44,30,mbk,002_3rd,9,161,158,-12
2020,10,44,30,mbk,002_3rd,10,1234,1118,104
2020,10,44,30,mbk,002_3rd,11,1840,2393,-449
2020,10,44,30,mbk,002_3rd,12,2705,2527,-271
2020,10,44,30,mbk,002_3rd,13,2945,2980,-306
2020,10,44,30,mbk,002_3rd,14,2448,2450,-308
2020,10,44,30,mbk,002_3rd,15,2394,2504,-418
2020,10,44,30,mbk,002_3rd,16,2667,2496,-247
2020,10,44,30,mbk,002_3rd,17,2714,2863,-396
2020,10,44,30,mbk,002_3rd,18,2950,2825,-271
2020,10,44,30,mbk,002_3rd,19,2326,2397,-342
2020,10,44,30,mbk,002_3rd,20,1308,2503,-1537
2020,10,44,30,mbk,002_3rd,21,153,160,-1544
2020,10,44,30,mbk,001_2nd,8,888,581,307
2020,10,44,30,mbk,001_2nd,9,1113,650,770
2020,10,44,30,mbk,001_2nd,10,1931,1698,1003
2020,10,44,30,mbk,001_2nd,11,2977,2124,1856
2020,10,44,30,mbk,001_2nd,12,2975,2977,1854
2020,10,44,30,mbk,001_2nd,13,3339,3232,1961
2020,10,44,30,mbk,001_2nd,14,2872,2887,1946
2020,10,44,30,mbk,001_2nd,15,2752,2746,1952
2020,10,44,30,mbk,001_2nd,16,2909,3145,1716
2020,10,44,30,mbk,001_2nd,17,3454,3353,1817
2020,10,44,30,mbk,001_2nd,18,3402,3777,1442
2020,10,44,30,mbk,001_2nd,19,2396,3324,514
2020,10,44,30,mbk,001_2nd,20,2265,1922,857
2020,10,44,30,mbk,001_2nd,21,388,645,600
2020,10,44,30,mbk,003_4th,8,53,36,17
2020,10,44,30,mbk,003_4th,9,226,109,134
2020,10,44,30,mbk,003_4th,10,1265,698,701
2020,10,44,30,mbk,003_4th,11,1698,1313,1086
2020,10,44,30,mbk,003_4th,12,2362,2049,1399
2020,10,44,30,mbk,003_4th,13,2216,2216,1399
2020,10,44,30,mbk,003_4th,14,2057,2059,1397
2020,10,44,30,mbk,003_4th,15,2111,2038,1470
2020,10,44,30,mbk,003_4th,16,2013,1960,1523
2020,10,44,30,mbk,003_4th,17,2106,2055,1574
2020,10,44,30,mbk,003_4th,18,2174,2211,1537
2020,10,44,30,mbk,003_4th,19,1557,1769,1325
2020,10,44,30,mbk,003_4th,20,1024,1429,920
2020,10,44,30,mbk,003_4th,21,264,382,802
2020,10,44,30,mbk,005_6th,8,365,234,131
2020,10,44,30,mbk,005_6th,9,362,259,234
2020,10,44,30,mbk,005_6th,10,697,547,384
2020,10,44,30,mbk,005_6th,11,946,867,463
2020,10,44,30,mbk,005_6th,12,2019,1895,587
2020,10,44,30,mbk,005_6th,13,1878,1977,488
2020,10,44,30,mbk,005_6th,14,1463,1572,379
2020,10,44,30,mbk,005_6th,15,1323,1338,364
2020,10,44,30,mbk,005_6th,16,1301,1347,318
2020,10,44,30,mbk,005_6th,17,1462,1519,261
2020,10,44,30,mbk,005_6th,18,1697,1812,146
2020,10,44,30,mbk,005_6th,19,1372,1555,-37
2020,10,44,30,mbk,005_6th,20,700,916,-253
2020,10,44,30,mbk,005_6th,21,300,382,-335
2020,10,44,30,mbk,006_7th,8,121,65,56
2020,10,44,30,mbk,006_7th,9,148,91,113
2020,10,44,30,mbk,006_7th,10,338,220,231
2020,10,44,30,mbk,006_7th,11,521,322,430
2020,10,44,30,mbk,006_7th,12,1202,820,812
2020,10,44,30,mbk,006_7th,13,902,1022,692
2020,10,44,30,mbk,006_7th,14,840,766,766
2020,10,44,30,mbk,006_7th,15,688,699,755
2020,10,44,30,mbk,006_7th,16,697,627,825
2020,10,44,30,mbk,006_7th,17,741,700,866
2020,10,44,30,mbk,006_7th,18,830,664,1032
2020,10,44,30,mbk,006_7th,19,554,656,930
2020,10,44,30,mbk,006_7th,20,167,538,559
2020,10,44,30,mbk,006_7th,21,92,227,424
2020,10,44,30,mbk,008_m,8,12,24,-12
2020,10,44,30,mbk,008_m,9,25,24,-11
2020,10,44,30,mbk,008_m,10,34,23,0
2020,10,44,30,mbk,008_m,11,27,31,-4
2020,10,44,30,mbk,008_m,12,13,28,-19
2020,10,44,30,mbk,008_m,13,35,25,-9
2020,10,44,30,mbk,008_m,14,18,20,-11
2020,10,44,30,mbk,008_m,15,20,26,-17
2020,10,44,30,mbk,008_m,16,23,20,-14
2020,10,44,30,mbk,008_m,17,19,37,-32
2020,10,44,30,mbk,008_m,18,20,19,-31
2020,10,44,30,mbk,008_m,19,13,20,-38
2020,10,44,30,mbk,008_m,20,18,20,-40
2020,10,44,30,mbk,008_m,21,47,40,-33
2020,10,44,30,mbk,000_g,8,819,638,181
2020,10,44,30,mbk,000_g,9,1076,800,457
2020,10,44,30,mbk,000_g,10,1813,1374,896
2020,10,44,30,mbk,000_g,11,1806,1569,1133
2020,10,44,30,mbk,000_g,12,2585,2245,1473
2020,10,44,30,mbk,000_g,13,2126,2219,1380
2020,10,44,30,mbk,000_g,14,2127,1994,1513
2020,10,44,30,mbk,000_g,15,1943,1880,1576
2020,10,44,30,mbk,000_g,16,2095,2004,1667
2020,10,44,30,mbk,000_g,17,2028,2060,1635
2020,10,44,30,mbk,000_g,18,2001,2210,1426
2020,10,44,30,mbk,000_g,19,1628,1819,1235
2020,10,44,30,mbk,000_g,20,1243,1484,994
2020,10,44,30,mbk,000_g,21,709,811,892
2020,10,44,30,mbk,000_g,22,0,0,892
2020,10,44,30,mbk,007_8th,8,152,65,87
2020,10,44,30,mbk,007_8th,9,107,59,135
2020,10,44,30,mbk,007_8th,10,71,104,102
2020,10,44,30,mbk,007_8th,11,100,134,68
2020,10,44,30,mbk,007_8th,12,147,365,-150
2020,10,44,30,mbk,007_8th,13,248,147,-49
2020,10,44,30,mbk,007_8th,14,129,172,-92
2020,10,44,30,mbk,007_8th,15,144,176,-124
2020,10,44,30,mbk,007_8th,16,144,192,-172
2020,10,44,30,mbk,007_8th,17,96,180,-256
2020,10,44,30,mbk,007_8th,18,92,225,-389
2020,10,44,30,mbk,007_8th,19,55,118,-452
2020,10,44,30,mbk,007_8th,20,44,75,-483
2020,10,44,30,mbk,007_8th,21,31,54,-506
2020,10,44,30,mbk,007_8th,22,0,0,-506
2020,10,44,30,tower,000_tower,8,255,197,58
2020,10,44,30,tower,000_tower,9,277,205,130
2020,10,44,30,tower,000_tower,10,214,207,137
2020,10,44,30,tower,000_tower,11,92,90,139
2020,10,44,30,tower,000_tower,12,287,329,97
2020,10,44,30,tower,000_tower,13,362,251,208
2020,10,44,30,tower,000_tower,14,235,229,214
2020,10,44,30,tower,000_tower,15,111,113,212
2020,10,44,30,tower,000_tower,16,102,95,219
2020,10,44,30,tower,000_tower,17,139,186,172
2020,10,44,30,tower,000_tower,18,147,190,129
2020,10,44,30,tower,000_tower,19,40,66,103
2020,10,44,30,tower,000_tower,20,58,74,87
2020,10,44,30,tower,000_tower,21,7,40,54
2020,10,44,30,tower,000_tower,22,0,0,54
2020,10,44,30,tokyu,000_tokyu,8,53,42,11
2020,10,44,30,tokyu,000_tokyu,9,52,60,3
2020,10,44,30,tokyu,000_tokyu,10,419,322,100
2020,10,44,30,tokyu,000_tokyu,11,1013,925,188
2020,10,44,30,tokyu,000_tokyu,12,1655,1590,253
2020,10,44,30,tokyu,000_tokyu,13,1415,1444,224
2020,10,44,30,tokyu,000_tokyu,14,1119,1147,196
2020,10,44,30,tokyu,000_tokyu,15,1143,1112,227
2020,10,44,30,tokyu,000_tokyu,16,1228,1211,244
2020,10,44,30,tokyu,000_tokyu,17,1477,1452,269
2020,10,44,30,tokyu,000_tokyu,18,1801,1717,353
2020,10,44,30,tokyu,000_tokyu,19,1225,1335,243
2020,10,44,30,tokyu,000_tokyu,20,16,64,195
2020,10,44,30,tokyu,000_tokyu,21,4,7,192
2020,10,44,30,alaart,002_alaart3rd,8,4,2,2
2020,10,44,30,alaart,002_alaart3rd,9,35,27,10
2020,10,44,30,alaart,002_alaart3rd,10,164,149,25
2020,10,44,30,alaart,002_alaart3rd,11,204,152,77
2020,10,44,30,alaart,002_alaart3rd,12,461,338,200
2020,10,44,30,alaart,002_alaart3rd,13,394,318,276
2020,10,44,30,alaart,002_alaart3rd,14,316,257,335
2020,10,44,30,alaart,002_alaart3rd,15,326,256,405
2020,10,44,30,alaart,002_alaart3rd,16,420,358,467
2020,10,44,30,alaart,002_alaart3rd,17,464,354,577
2020,10,44,30,alaart,002_alaart3rd,18,364,273,668
2020,10,44,30,alaart,002_alaart3rd,19,202,163,707
2020,10,44,30,alaart,002_alaart3rd,20,166,144,729
2020,10,44,30,alaart,002_alaart3rd,21,5,22,712
2020,10,44,30,alaart,001_alaart2nd,8,3,3,0
2020,10,44,30,alaart,001_alaart2nd,9,34,26,8
2020,10,44,30,alaart,001_alaart2nd,10,145,164,-11
2020,10,44,30,alaart,001_alaart2nd,11,161,193,-43
2020,10,44,30,alaart,001_alaart2nd,12,330,454,-167
2020,10,44,30,alaart,001_alaart2nd,13,311,386,-242
2020,10,44,30,alaart,001_alaart2nd,14,252,310,-300
2020,10,44,30,alaart,001_alaart2nd,15,248,320,-372
2020,10,44,30,alaart,001_alaart2nd,16,345,396,-423
2020,10,44,30,alaart,001_alaart2nd,17,340,452,-535
2020,10,44,30,alaart,001_alaart2nd,18,273,370,-632
2020,10,44,30,alaart,001_alaart2nd,19,231,301,-702
2020,10,44,30,alaart,001_alaart2nd,20,124,160,-738
2020,10,44,30,alaart,001_alaart2nd,21,6,5,-737
2020,10,44,31,mbk,001_2nd,8,203,181,22
2020,10,44,31,mbk,001_2nd,9,532,349,205
2020,10,44,31,mbk,001_2nd,10,1980,1880,305
2020,10,44,31,mbk,001_2nd,11,3250,2323,1232
2020,10,44,31,mbk,001_2nd,12,3200,2950,1482
2020,10,44,31,mbk,001_2nd,13,3730,4054,1158
2020,10,44,31,mbk,001_2nd,14,3767,3957,968
2020,10,44,31,mbk,001_2nd,15,3972,3984,956
2020,10,44,31,mbk,001_2nd,16,3781,3952,785
2020,10,44,31,mbk,001_2nd,17,4558,4619,724
2020,10,44,31,mbk,001_2nd,18,3613,3746,591
2020,10,44,31,mbk,001_2nd,19,2717,3838,-530
2020,10,44,31,mbk,001_2nd,20,1674,2111,-967
2020,10,44,31,mbk,001_2nd,21,390,627,-1204
2020,10,44,31,mbk,000_g,8,414,333,81
2020,10,44,31,mbk,000_g,9,787,622,246
2020,10,44,31,mbk,000_g,10,1698,1218,726
2020,10,44,31,mbk,000_g,11,1869,1554,1041
2020,10,44,31,mbk,000_g,12,2148,1845,1344
2020,10,44,31,mbk,000_g,13,2356,2223,1477
2020,10,44,31,mbk,000_g,14,2623,2531,1569
2020,10,44,31,mbk,000_g,15,2890,2688,1771
2020,10,44,31,mbk,000_g,16,2882,2734,1919
2020,10,44,31,mbk,000_g,17,2788,2931,1776
2020,10,44,31,mbk,000_g,18,2837,2894,1719
2020,10,44,31,mbk,000_g,19,2354,2468,1605
2020,10,44,31,mbk,000_g,20,1618,1828,1395
2020,10,44,31,mbk,000_g,21,705,869,1231
2020,10,44,31,mbk,000_g,22,0,0,1231
2020,10,44,31,mbk,005_6th,8,171,133,38
2020,10,44,31,mbk,005_6th,9,244,203,79
2020,10,44,31,mbk,005_6th,10,687,502,264
2020,10,44,31,mbk,005_6th,11,1088,963,389
2020,10,44,31,mbk,005_6th,12,1526,1474,441
2020,10,44,31,mbk,005_6th,13,2167,2147,461
2020,10,44,31,mbk,005_6th,14,2221,2229,453
2020,10,44,31,mbk,005_6th,15,2117,2287,283
2020,10,44,31,mbk,005_6th,16,2082,2204,161
2020,10,44,31,mbk,005_6th,17,2120,2312,-31
2020,10,44,31,mbk,005_6th,18,1859,1982,-154
2020,10,44,31,mbk,005_6th,19,1289,1575,-440
2020,10,44,31,mbk,005_6th,20,664,905,-681
2020,10,44,31,mbk,005_6th,21,333,422,-770
2020,10,44,31,mbk,002_3rd,8,32,26,6
2020,10,44,31,mbk,002_3rd,9,140,123,23
2020,10,44,31,mbk,002_3rd,10,1495,1294,224
2020,10,44,31,mbk,002_3rd,11,2283,2904,-397
2020,10,44,31,mbk,002_3rd,12,2858,2931,-470
2020,10,44,31,mbk,002_3rd,13,3999,3502,27
2020,10,44,31,mbk,002_3rd,14,3684,3569,142
2020,10,44,31,mbk,002_3rd,15,3703,3844,1
2020,10,44,31,mbk,002_3rd,16,3598,3705,-106
2020,10,44,31,mbk,002_3rd,17,3854,3802,-54
2020,10,44,31,mbk,002_3rd,18,3156,3215,-113
2020,10,44,31,mbk,002_3rd,19,2900,2589,198
2020,10,44,31,mbk,002_3rd,20,1475,1873,-200
2020,10,44,31,mbk,002_3rd,21,235,208,-173
2020,10,44,31,mbk,003_4th,8,46,28,18
2020,10,44,31,mbk,003_4th,9,197,84,131
2020,10,44,31,mbk,003_4th,10,1483,812,802
2020,10,44,31,mbk,003_4th,11,2070,1610,1262
2020,10,44,31,mbk,003_4th,12,2505,2186,1581
2020,10,44,31,mbk,003_4th,13,2813,2830,1564
2020,10,44,31,mbk,003_4th,14,3074,3015,1623
2020,10,44,31,mbk,003_4th,15,3175,3043,1755
2020,10,44,31,mbk,003_4th,16,2936,2864,1827
2020,10,44,31,mbk,003_4th,17,2923,2910,1840
2020,10,44,31,mbk,003_4th,18,2383,2488,1735
2020,10,44,31,mbk,003_4th,19,1718,2078,1375
2020,10,44,31,mbk,003_4th,20,1084,1554,905
2020,10,44,31,mbk,003_4th,21,261,415,751
2020,10,44,31,mbk,007_8th,9,31,25,11
2020,10,44,31,mbk,007_8th,10,25,41,-5
2020,10,44,31,mbk,007_8th,11,50,35,10
2020,10,44,31,mbk,007_8th,12,55,63,2
2020,10,44,31,mbk,007_8th,13,148,126,24
2020,10,44,31,mbk,007_8th,14,93,110,7
2020,10,44,31,mbk,007_8th,15,74,76,5
2020,10,44,31,mbk,007_8th,16,62,175,-108
2020,10,44,31,mbk,007_8th,17,63,85,-130
2020,10,44,31,mbk,007_8th,18,86,73,-117
2020,10,44,31,mbk,007_8th,19,40,34,-111
2020,10,44,31,mbk,007_8th,20,70,63,-104
2020,10,44,31,mbk,007_8th,8,22,17,5
2020,10,44,31,mbk,007_8th,21,55,47,-96
2020,10,44,31,mbk,004_5th,8,49,34,15
2020,10,44,31,mbk,004_5th,9,95,44,66
2020,10,44,31,mbk,004_5th,10,821,634,253
2020,10,44,31,mbk,004_5th,11,1320,1295,278
2020,10,44,31,mbk,004_5th,12,1909,1818,369
2020,10,44,31,mbk,004_5th,13,2453,2315,507
2020,10,44,31,mbk,004_5th,14,2742,2704,545
2020,10,44,31,mbk,004_5th,15,2700,2674,571
2020,10,44,31,mbk,004_5th,16,2462,2583,450
2020,10,44,31,mbk,004_5th,17,2554,2512,492
2020,10,44,31,mbk,004_5th,18,2028,2165,355
2020,10,44,31,mbk,004_5th,19,1560,1638,277
2020,10,44,31,mbk,004_5th,20,848,891,234
2020,10,44,31,mbk,004_5th,21,238,311,161
2020,10,44,31,mbk,006_7th,8,100,27,73
2020,10,44,31,mbk,006_7th,9,125,97,101
2020,10,44,31,mbk,006_7th,10,360,153,308
2020,10,44,31,mbk,006_7th,11,557,354,511
2020,10,44,31,mbk,006_7th,12,842,531,822
2020,10,44,31,mbk,006_7th,13,1131,1010,943
2020,10,44,31,mbk,006_7th,14,1119,1107,955
2020,10,44,31,mbk,006_7th,15,1017,1008,964
2020,10,44,31,mbk,006_7th,16,1076,1072,968
2020,10,44,31,mbk,006_7th,17,1007,1073,902
2020,10,44,31,mbk,006_7th,18,838,839,901
2020,10,44,31,mbk,006_7th,19,554,683,772
2020,10,44,31,mbk,006_7th,20,222,612,382
2020,10,44,31,mbk,006_7th,21,103,235,250
2020,10,44,31,mbk,008_m,8,9,15,-6
2020,10,44,31,mbk,008_m,9,19,13,0
2020,10,44,31,mbk,008_m,10,13,9,4
2020,10,44,31,mbk,008_m,11,13,20,-3
2020,10,44,31,mbk,008_m,12,20,16,1
2020,10,44,31,mbk,008_m,13,13,17,-3
2020,10,44,31,mbk,008_m,14,18,13,2
2020,10,44,31,mbk,008_m,15,15,24,-7
2020,10,44,31,mbk,008_m,16,17,11,-1
2020,10,44,31,mbk,008_m,17,12,19,-8
2020,10,44,31,mbk,008_m,18,16,16,-8
2020,10,44,31,mbk,008_m,19,11,14,-11
2020,10,44,31,mbk,008_m,20,13,14,-12
2020,10,44,31,mbk,008_m,21,12,15,-15
2020,10,44,31,tokyu,000_tokyu,8,5,3,2
2020,10,44,31,tokyu,000_tokyu,9,7,11,-2
2020,10,44,31,tokyu,000_tokyu,10,497,427,68
2020,10,44,31,tokyu,000_tokyu,11,1020,1024,64
2020,10,44,31,tokyu,000_tokyu,12,1439,1471,32
2020,10,44,31,tokyu,000_tokyu,13,1659,1615,76
2020,10,44,31,tokyu,000_tokyu,14,1828,1835,69
2020,10,44,31,tokyu,000_tokyu,15,2307,2200,176
2020,10,44,31,tokyu,000_tokyu,16,2176,2256,96
2020,10,44,31,tokyu,000_tokyu,17,2075,2151,20
2020,10,44,31,tokyu,000_tokyu,18,1897,1839,78
2020,10,44,31,tokyu,000_tokyu,19,1395,1396,77
2020,10,44,31,tokyu,000_tokyu,20,53,83,47
2020,10,44,31,tokyu,000_tokyu,21,7,7,47
2020,10,44,31,tower,000_tower,8,40,41,-1
2020,10,44,31,tower,000_tower,9,50,12,37
2020,10,44,31,tower,000_tower,10,31,19,49
2020,10,44,31,tower,000_tower,11,21,20,50
2020,10,44,31,tower,000_tower,12,16,28,38
2020,10,44,31,tower,000_tower,13,33,18,53
2020,10,44,31,tower,000_tower,14,30,31,52
2020,10,44,31,tower,000_tower,15,20,22,50
2020,10,44,31,tower,000_tower,16,11,21,40
2020,10,44,31,tower,000_tower,17,25,41,24
2020,10,44,31,tower,000_tower,18,17,38,3
2020,10,44,31,tower,000_tower,19,11,12,2
2020,10,44,31,tower,000_tower,20,14,23,-7
2020,10,44,31,tower,000_tower,21,0,0,-7
2020,10,44,31,tower,000_tower,22,0,0,-7
2020,10,44,31,alaart,002_alaart3rd,8,8,4,4
2020,10,44,31,alaart,002_alaart3rd,9,24,18,10
2020,10,44,31,alaart,002_alaart3rd,10,211,186,35
2020,10,44,31,alaart,002_alaart3rd,11,266,208,93
2020,10,44,31,alaart,002_alaart3rd,12,404,304,193
2020,10,44,31,alaart,002_alaart3rd,13,512,378,327
2020,10,44,31,alaart,002_alaart3rd,14,446,325,448
2020,10,44,31,alaart,002_alaart3rd,15,408,328,528
2020,10,44,31,alaart,002_alaart3rd,16,434,332,630
2020,10,44,31,alaart,002_alaart3rd,17,504,434,700
2020,10,44,31,alaart,002_alaart3rd,18,454,355,799
2020,10,44,31,alaart,002_alaart3rd,19,337,269,867
2020,10,44,31,alaart,002_alaart3rd,20,198,161,904
2020,10,44,31,alaart,002_alaart3rd,21,15,21,898
2020,10,44,31,alaart,001_alaart2nd,8,4,6,-2
2020,10,44,31,alaart,001_alaart2nd,9,20,20,-2
2020,10,44,31,alaart,001_alaart2nd,10,181,193,-14
2020,10,44,31,alaart,001_alaart2nd,11,196,242,-60
2020,10,44,31,alaart,001_alaart2nd,12,308,398,-150
2020,10,44,31,alaart,001_alaart2nd,13,352,484,-282
2020,10,44,31,alaart,001_alaart2nd,14,321,425,-386
2020,10,44,31,alaart,001_alaart2nd,15,306,378,-458
2020,10,44,31,alaart,001_alaart2nd,16,317,409,-550
2020,10,44,31,alaart,001_alaart2nd,17,402,475,-623
2020,10,44,31,alaart,001_alaart2nd,18,345,449,-727
2020,10,44,31,alaart,001_alaart2nd,19,254,324,-797
2020,10,44,31,alaart,001_alaart2nd,20,147,191,-841
2020,10,44,31,alaart,001_alaart2nd,21,14,18,-845
